"epoch","autoregressive_chignolin_muon_scaling_large_model_seed47_1000epochs - train/loss","autoregressive_chignolin_muon_scaling_large_model_seed47_1000epochs - train/loss__MIN","autoregressive_chignolin_muon_scaling_large_model_seed47_1000epochs - train/loss__MAX","autoregressive_chignolin_muon_scaling_large_model_seed47_1000epochs - _step","autoregressive_chignolin_muon_scaling_large_model_seed47_1000epochs - _step__MIN","autoregressive_chignolin_muon_scaling_large_model_seed47_1000epochs - _step__MAX","autoregressive_chignolin_muon_scaling_med_large_model_seed47_1000epochs - train/loss","autoregressive_chignolin_muon_scaling_med_large_model_seed47_1000epochs - train/loss__MIN","autoregressive_chignolin_muon_scaling_med_large_model_seed47_1000epochs - train/loss__MAX","autoregressive_chignolin_muon_scaling_med_large_model_seed47_1000epochs - _step","autoregressive_chignolin_muon_scaling_med_large_model_seed47_1000epochs - _step__MIN","autoregressive_chignolin_muon_scaling_med_large_model_seed47_1000epochs - _step__MAX","autoregressive_chignolin_muon_scaling_nominal_model_seed47_1000epochs - train/loss","autoregressive_chignolin_muon_scaling_nominal_model_seed47_1000epochs - train/loss__MIN","autoregressive_chignolin_muon_scaling_nominal_model_seed47_1000epochs - train/loss__MAX","autoregressive_chignolin_muon_scaling_nominal_model_seed47_1000epochs - _step","autoregressive_chignolin_muon_scaling_nominal_model_seed47_1000epochs - _step__MIN","autoregressive_chignolin_muon_scaling_nominal_model_seed47_1000epochs - _step__MAX","autoregressive_chignolin_muon_scaling_xsmall_model_seed47_1000epochs - train/loss","autoregressive_chignolin_muon_scaling_xsmall_model_seed47_1000epochs - train/loss__MIN","autoregressive_chignolin_muon_scaling_xsmall_model_seed47_1000epochs - train/loss__MAX","autoregressive_chignolin_muon_scaling_xsmall_model_seed47_1000epochs - _step","autoregressive_chignolin_muon_scaling_xsmall_model_seed47_1000epochs - _step__MIN","autoregressive_chignolin_muon_scaling_xsmall_model_seed47_1000epochs - _step__MAX"
"0","8.24061393737793","8.181588172912598","8.340068817138672","7","1","13","8.266605240958077","8.204742431640625","8.35412311553955","7","1","13","8.290732111249651","8.237070083618164","8.352270126342773","7","1","13","8.294518947601318","8.25255012512207","8.325080871582031","8","1","15"
"1","8.125483274459839","8.09001350402832","8.166391372680664","22","15","29","8.150014996528625","8.10837459564209","8.192407608032227","22","15","29","8.178377032279968","8.136905670166016","8.219218254089355","22","15","29","8.197473406791687","8.157803535461426","8.240124702453613","24","17","31"
"2","8.039037108421326","8.000936508178711","8.072748184204102","38","31","45","8.061352014541626","8.02173900604248","8.095890045166016","38","31","45","8.086132049560547","8.044665336608887","8.122693061828613","38","31","45","8.103286623954773","8.061081886291504","8.142727851867676","40","33","47"
"3","7.952679455280304","7.907225608825684","7.995962619781494","54","47","61","7.979513227939606","7.939619064331055","8.016378402709961","54","47","61","8.005277454853058","7.971062183380127","8.039691925048828","54","47","61","8.016021132469177","7.981245040893555","8.053264617919922","56","49","63"
"4","7.816015720367432","7.6974873542785645","7.894813060760498","70","63","77","7.87175726890564","7.808188438415527","7.930521011352539","70","63","77","7.921618640422821","7.88329553604126","7.962828159332275","70","63","77","7.940476894378662","7.9108710289001465","7.973702430725098","72","65","79"
"5","7.255826881953648","7.001865863800049","7.5683183670043945","85","79","91","7.637135301317487","7.377541542053223","7.786755084991455","85","79","91","7.818289279937744","7.7631378173828125","7.862976551055908","85","79","91","7.874759333474295","7.847604751586914","7.897643089294434","87","81","93"
"6","6.7179114818573","6.510929107666016","6.933670997619629","100","93","107","6.994121670722961","6.775672912597656","7.259464263916016","100","93","107","7.5949209332466125","7.360207557678223","7.738255500793457","100","93","107","7.788792252540588","7.747939109802246","7.830918788909912","102","95","109"
"7","6.265384793281555","6.0670270919799805","6.4606122970581055","116","109","123","6.532134115695953","6.354695796966553","6.711114406585693","116","109","123","7.003377139568329","6.760247707366943","7.276797771453857","116","109","123","7.6859376430511475","7.623887538909912","7.732386589050293","118","111","125"
"8","5.836078464984894","5.647562503814697","6.027864933013916","132","125","139","6.145180821418762","5.982304573059082","6.313299655914307","132","125","139","6.540908515453339","6.368100166320801","6.718332290649414","132","125","139","7.508474409580231","7.371720314025879","7.61347770690918","134","127","141"
"9","5.427058160305023","5.24213171005249","5.608555793762207","148","141","155","5.777057349681854","5.60784912109375","5.944061279296875","148","141","155","6.190483748912811","6.047168731689453","6.331439971923828","148","141","155","7.079864203929901","6.85407829284668","7.301671028137207","150","143","157"
"10","5.056385338306427","4.932526111602783","5.1822614669799805","164","157","171","5.420545995235443","5.277570724487305","5.557622909545898","164","157","171","5.878327250480652","5.743256568908691","6.007188320159912","164","157","171","6.617389023303986","6.447717666625977","6.7975053787231445","166","159","173"
"11","4.8152055740356445","4.7384867668151855","4.890974044799805","179","173","185","5.14156893321446","5.052526473999023","5.228173732757568","179","173","185","5.6078587259565085","5.51055908203125","5.703973293304443","179","173","185","6.288046768733433","6.186408519744873","6.395279884338379","181","175","187"
"12","4.631277441978455","4.574074745178223","4.695934295654297","194","187","201","4.929396212100983","4.867954254150391","4.998785972595215","194","187","201","5.350368559360504","5.259964942932129","5.450589179992676","194","187","201","6.045034408569336","5.960206508636475","6.132205963134766","196","189","203"
"13","4.507670283317566","4.464199066162109","4.564677715301514","210","203","217","4.777824759483337","4.721759796142578","4.841958999633789","210","203","217","5.123913526535034","5.03568696975708","5.2166218757629395","210","203","217","5.855639934539795","5.786221504211426","5.929298400878906","212","205","219"
"14","4.403346598148346","4.361502647399902","4.441222190856934","226","219","233","4.652695894241333","4.607743263244629","4.686913013458252","226","219","233","4.929633736610413","4.873199462890625","5.002040386199951","226","219","233","5.703707933425903","5.652315139770508","5.7593841552734375","228","221","235"
"15","4.3200594782829285","4.286869049072266","4.345264434814453","242","235","249","4.568291068077087","4.535372734069824","4.594736576080322","242","235","249","4.80092990398407","4.749663829803467","4.842426300048828","242","235","249","5.584249138832092","5.535639762878418","5.628411293029785","244","237","251"
"16","4.260264601026263","4.227487087249756","4.299473762512207","257","251","263","4.512780461992536","4.478507041931152","4.547346115112305","257","251","263","4.714217185974121","4.679296493530273","4.749855041503906","257","251","263","5.480973652430943","5.443962097167969","5.51375675201416","259","253","265"
"17","4.207999348640442","4.176366806030273","4.22890567779541","272","265","279","4.467320442199707","4.436564922332764","4.479543685913086","272","265","279","4.6385338306427","4.590489864349365","4.666635513305664","272","265","279","5.392101407051086","5.331687927246094","5.430209159851074","274","267","281"
"18","4.165737569332123","4.146237850189209","4.184071063995361","288","281","295","4.431832015514374","4.414609909057617","4.45285701751709","288","281","295","4.570659160614014","4.541357040405273","4.59915018081665","288","281","295","5.315360844135284","5.286633491516113","5.347578048706055","290","283","297"
"19","4.120529055595398","4.105031967163086","4.133707046508789","304","297","311","4.390841245651245","4.373230934143066","4.404082298278809","304","297","311","4.48931622505188","4.4553632736206055","4.52000093460083","304","297","311","5.2258798480033875","5.174762725830078","5.287910461425781","306","299","313"
"20","4.086660981178284","4.076625347137451","4.099055767059326","320","313","327","4.364362895488739","4.351188659667969","4.374125003814697","320","313","327","4.4295244216918945","4.409458637237549","4.4494829177856445","320","313","327","5.1334861516952515","5.099820613861084","5.1596479415893555","322","315","329"
"21","4.058600306510925","4.039928913116455","4.069833278656006","336","329","343","4.340399861335754","4.314079284667969","4.355532646179199","336","329","343","4.378066301345825","4.338818550109863","4.403743743896484","336","329","343","5.05961012840271","5.022968292236328","5.114834785461426","338","331","345"
"22","4.031986781529018","4.02312707901001","4.037630081176758","351","345","357","4.299962180001395","4.289046287536621","4.313307762145996","351","345","357","4.323682240077427","4.311923503875732","4.339308261871338","351","345","357","4.97764219556536","4.950418472290039","5.005622863769531","353","347","359"
"23","4.014385849237442","3.995495080947876","4.028759002685547","366","359","373","4.275479674339294","4.252954959869385","4.294637680053711","366","359","373","4.28332906961441","4.257478713989258","4.311772346496582","366","359","373","4.922270238399506","4.897687911987305","4.951765060424805","368","361","375"
"24","4.000455617904663","3.987436056137085","4.011296272277832","382","375","389","4.246375799179077","4.232085704803467","4.266916275024414","382","375","389","4.244941473007202","4.232253074645996","4.265598297119141","382","375","389","4.8722453117370605","4.849323272705078","4.913017749786377","384","377","391"
"25","3.9823154509067535","3.9710335731506348","4.0000786781311035","459","452","466","4.208602488040924","4.186376094818115","4.238480567932129","459","452","466","4.2032328844070435","4.1858954429626465","4.230525493621826","459","452","466","4.838026523590088","4.8162841796875","4.859881401062012","461","454","468"
"26","3.9716605246067047","3.9590775966644287","3.9881577491760254","475","468","482","4.1762449741363525","4.157880783081055","4.193403720855713","475","468","482","4.171266317367554","4.154248237609863","4.186135292053223","475","468","482","4.798610746860504","4.7835283279418945","4.821089267730713","477","470","484"
"27","3.9593659128461565","3.952153444290161","3.9647903442382812","490","484","496","4.1461358070373535","4.135930061340332","4.15406608581543","490","484","496","4.144608157021659","4.132028579711914","4.160947322845459","490","484","496","4.769934381757464","4.756825923919678","4.782221794128418","492","486","498"
"28","3.9497444927692413","3.943545341491699","3.958298921585083","505","498","512","4.1156325340271","4.106076717376709","4.124659061431885","505","498","512","4.124094486236572","4.11083459854126","4.134610176086426","505","498","512","4.749018907546997","4.740267753601074","4.755744934082031","507","500","514"
"29","3.9427061676979065","3.930457592010498","3.9513778686523438","521","514","528","4.089652478694916","4.0715227127075195","4.103214263916016","521","514","528","4.100906729698181","4.08920955657959","4.11428689956665","521","514","528","4.729460954666138","4.712644100189209","4.743781089782715","523","516","530"
"30","3.9282858073711395","3.919581413269043","3.935734987258911","537","530","544","4.064228057861328","4.054696083068848","4.075028896331787","537","530","544","4.078361630439758","4.06771993637085","4.088430404663086","537","530","544","4.695765018463135","4.685205936431885","4.710329055786133","539","532","546"
"31","3.92357474565506","3.9190003871917725","3.929025888442993","553","546","560","4.045362293720245","4.036264419555664","4.053625583648682","553","546","560","4.061213731765747","4.052826881408691","4.0697479248046875","553","546","560","4.6732218861579895","4.662271976470947","4.683807373046875","555","548","562"
"32","3.9138650000095367","3.902747869491577","3.921895980834961","569","562","576","4.025787055492401","4.013547897338867","4.038507461547852","569","562","576","4.040416896343231","4.027144908905029","4.052172660827637","569","562","576","4.644084632396698","4.626479148864746","4.650758743286133","571","564","578"
"33","3.9089071410042897","3.899653434753418","3.9201245307922363","584","578","590","4.012639795030866","4.003413677215576","4.02536678314209","584","578","590","4.031624725886753","4.019608020782471","4.044148921966553","584","578","590","4.631528105054583","4.621642112731934","4.652499198913574","586","580","592"
"34","3.9023061394691467","3.8958144187927246","3.9075379371643066","599","592","606","4.000211268663406","3.9930200576782227","4.009649276733398","599","592","606","4.019493281841278","4.010752201080322","4.026733875274658","599","592","606","4.608062148094177","4.5948567390441895","4.624871730804443","601","594","608"
"35","3.8923551738262177","3.88686466217041","3.898547649383545","615","608","622","3.9847989976406097","3.9778754711151123","3.993525505065918","615","608","622","4.007023215293884","3.9956178665161133","4.012672424316406","615","608","622","4.587880313396454","4.5730109214782715","4.600768089294434","617","610","624"
"36","3.8904323875904083","3.8784446716308594","3.898115634918213","631","624","638","3.9740431904792786","3.963987350463867","3.9837098121643066","631","624","638","4.000290930271149","3.988746166229248","4.006243705749512","631","624","638","4.56890344619751","4.5575408935546875","4.581198692321777","633","626","640"
"37","3.883802682161331","3.876959800720215","3.891674041748047","647","640","654","3.9646043181419373","3.9515480995178223","3.9768505096435547","647","640","654","3.990927129983902","3.982512950897217","3.9980010986328125","647","640","654","4.5636672377586365","4.547239780426025","4.575189590454102","649","642","656"
"38","3.87762120791844","3.8706250190734863","3.882272243499756","662","656","668","3.9543566022600447","3.9433765411376953","3.9629836082458496","662","656","668","3.9794247150421143","3.9700002670288086","3.9904894828796387","662","656","668","4.5391754422869","4.524928569793701","4.549213409423828","664","658","670"
"39","3.8741468489170074","3.86999773979187","3.8840112686157227","677","670","684","3.9429651498794556","3.9377222061157227","3.948230743408203","677","670","684","3.9741274416446686","3.96345853805542","3.9839251041412354","677","670","684","4.527564287185669","4.51530647277832","4.53741455078125","679","672","686"
"40","3.8668355345726013","3.858551263809204","3.8730828762054443","693","686","700","3.9342367947101593","3.926133155822754","3.942014694213867","693","686","700","3.9677237272262573","3.958428382873535","3.9762306213378906","693","686","700","4.515436887741089","4.503748893737793","4.526303291320801","695","688","702"
"41","3.8603372871875763","3.8552684783935547","3.8669936656951904","709","702","716","3.9232643246650696","3.9160547256469727","3.9303345680236816","709","702","716","3.959203362464905","3.953110694885254","3.9699344635009766","709","702","716","4.499158322811127","4.485515594482422","4.51044225692749","711","704","718"
"42","3.8541769683361053","3.8493189811706543","3.8643784523010254","725","718","732","3.91711562871933","3.909869909286499","3.930617332458496","725","718","732","3.952865570783615","3.945303440093994","3.9646787643432617","725","718","732","4.491211116313934","4.480451583862305","4.5004401206970215","727","720","734"
"43","3.849561393260956","3.8438148498535156","3.8610382080078125","741","734","748","3.909306764602661","3.9031245708465576","3.920126438140869","741","734","748","3.9471234679222107","3.937267780303955","3.9542336463928223","741","734","748","4.479879558086395","4.466019153594971","4.493674278259277","743","736","750"
"44","3.842856066567557","3.838010549545288","3.846320390701294","756","750","762","3.9003445420946394","3.8947675228118896","3.907604455947876","756","750","762","3.9410637446812222","3.933699131011963","3.95297908782959","756","750","762","4.472550460270473","4.462814807891846","4.486437797546387","758","752","764"
"45","3.839576154947281","3.8342225551605225","3.842221260070801","771","764","778","3.89692422747612","3.8902416229248047","3.902170419692993","771","764","778","3.9373344779014587","3.9257235527038574","3.9416885375976562","771","764","778","4.458771228790283","4.44845724105835","4.464645862579346","773","766","780"
"46","3.834501415491104","3.831019878387451","3.8379766941070557","787","780","794","3.8893328607082367","3.884906053543091","3.8955328464508057","787","780","794","3.9308651089668274","3.9202866554260254","3.937377691268921","787","780","794","4.449527621269226","4.434906959533691","4.472105026245117","789","782","796"
"47","3.8331459164619446","3.82377290725708","3.8427858352661133","803","796","810","3.88668155670166","3.879336357116699","3.8934895992279053","803","796","810","3.928993433713913","3.9165546894073486","3.9382519721984863","803","796","810","4.449660778045654","4.435298919677734","4.462506294250488","805","798","812"
"48","3.8260699212551117","3.822131395339966","3.8303122520446777","819","812","826","3.879149854183197","3.875875949859619","3.884270668029785","819","812","826","3.922665238380432","3.916712760925293","3.9266858100891113","819","812","826","4.4402525424957275","4.430675029754639","4.449521064758301","821","814","828"
"49","3.820700764656067","3.8127377033233643","3.8302669525146484","835","828","842","3.872505843639374","3.865964651107788","3.8845698833465576","835","828","842","3.917604148387909","3.9099655151367188","3.9341721534729004","835","828","842","4.427988529205322","4.419425964355469","4.452217102050781","837","830","844"
"50","3.822213888168335","3.8154044151306152","3.8267769813537598","911","905","917","3.869547503335135","3.8644726276397705","3.875218152999878","911","905","917","3.9157003334590366","3.9121451377868652","3.9197583198547363","911","905","917","4.424494130270822","4.412670135498047","4.43288516998291","913","907","919"
"51","3.8153391778469086","3.806765079498291","3.8232674598693848","926","919","933","3.8632900416851044","3.8551931381225586","3.8722286224365234","926","919","933","3.9103453755378723","3.90065860748291","3.9194889068603516","926","919","933","4.419325172901154","4.409341335296631","4.4349775314331055","928","921","935"
"52","3.8129472732543945","3.8056888580322266","3.8193676471710205","942","935","949","3.86067995429039","3.8545045852661133","3.8673276901245117","942","935","949","3.9099624156951904","3.90383243560791","3.915992498397827","942","935","949","4.410757899284363","4.402201175689697","4.417196273803711","944","937","951"
"53","3.8082100450992584","3.8006763458251953","3.817542552947998","958","951","965","3.852758437395096","3.8388381004333496","3.863430976867676","958","951","965","3.9033799171447754","3.893341302871704","3.914501667022705","958","951","965","4.401703417301178","4.387180328369141","4.4196600914001465","960","953","967"
"54","3.806713342666626","3.797161102294922","3.813978433609009","974","967","981","3.850492388010025","3.839869976043701","3.8586978912353516","974","967","981","3.902006596326828","3.892198085784912","3.9109060764312744","974","967","981","4.398764669895172","4.3865251541137695","4.411502838134766","976","969","983"
"55","3.8067424978528703","3.799434185028076","3.813098430633545","989","983","995","3.8477785927908763","3.841196298599243","3.8533577919006348","989","983","995","3.897857700075422","3.889695644378662","3.9036552906036377","989","983","995","4.393278530665806","4.380120277404785","4.407621383666992","991","985","997"
"56","3.8030649721622467","3.795657157897949","3.8063764572143555","1004","997","1011","3.843109220266342","3.837790012359619","3.84675931930542","1004","997","1011","3.8933132588863373","3.889523506164551","3.897176742553711","1004","997","1011","4.380643248558044","4.373461723327637","4.387908935546875","1006","999","1013"
"57","3.803533434867859","3.7979366779327393","3.807939052581787","1020","1013","1027","3.8427202105522156","3.836148262023926","3.849472999572754","1020","1013","1027","3.8941236436367035","3.8847341537475586","3.9005236625671387","1020","1013","1027","4.375419318675995","4.362604141235352","4.38293981552124","1022","1015","1029"
"58","3.7978010177612305","3.792792320251465","3.803816318511963","1036","1029","1043","3.8355557918548584","3.830082416534424","3.845290422439575","1036","1029","1043","3.887956380844116","3.881983757019043","3.894713878631592","1036","1029","1043","4.362938225269318","4.349861145019531","4.370255470275879","1038","1031","1045"
"59","3.7963863015174866","3.7916524410247803","3.799511194229126","1052","1045","1059","3.8313038051128387","3.824795722961426","3.8359274864196777","1052","1045","1059","3.883889615535736","3.8757710456848145","3.8895835876464844","1052","1045","1059","4.35058867931366","4.337084770202637","4.362360954284668","1054","1047","1061"
"60","3.791870892047882","3.7864508628845215","3.800353765487671","1068","1061","1075","3.827374428510666","3.819725513458252","3.833298683166504","1068","1061","1075","3.8789342045783997","3.871816873550415","3.8882808685302734","1068","1061","1075","4.344268262386322","4.3299102783203125","4.356704235076904","1070","1063","1077"
"61","3.794818094798497","3.7872424125671387","3.798600435256958","1083","1077","1089","3.829805850982666","3.821751356124878","3.834632635116577","1083","1077","1089","3.879525525229318","3.8722634315490723","3.886841058731079","1083","1077","1089","4.333609785352435","4.323698997497559","4.342437744140625","1085","1079","1091"
"62","3.790387272834778","3.7872633934020996","3.7949087619781494","1098","1091","1105","3.8233097195625305","3.818497896194458","3.8289594650268555","1098","1091","1105","3.874589294195175","3.8683700561523438","3.8802390098571777","1098","1091","1105","4.321995854377747","4.313066482543945","4.32942008972168","1100","1093","1107"
"63","3.7903387248516083","3.784993886947632","3.79841947555542","1114","1107","1121","3.8218975961208344","3.817472457885742","3.8305397033691406","1114","1107","1121","3.872812896966934","3.8632850646972656","3.882404327392578","1114","1107","1121","4.3156081438064575","4.305935859680176","4.331135272979736","1116","1109","1123"
"64","3.787832796573639","3.7786402702331543","3.796311378479004","1130","1123","1137","3.8183094263076782","3.8073184490203857","3.829167127609253","1130","1123","1137","3.8690322935581207","3.8607733249664307","3.8793108463287354","1130","1123","1137","4.30505508184433","4.296504974365234","4.314335823059082","1132","1125","1139"
"65","3.7873376309871674","3.7797341346740723","3.7960267066955566","1146","1139","1153","3.817862868309021","3.810401201248169","3.8258368968963623","1146","1139","1153","3.8659806847572327","3.8589744567871094","3.8793540000915527","1146","1139","1153","4.297084093093872","4.284790992736816","4.308022499084473","1148","1141","1155"
"66","3.7859813145228793","3.7796592712402344","3.790302276611328","1161","1155","1167","3.815615211214338","3.808230400085449","3.8227384090423584","1161","1155","1167","3.8634719167436873","3.8558602333068848","3.871220588684082","1161","1155","1167","4.291239261627197","4.2791361808776855","4.305942058563232","1163","1157","1169"
"67","3.7865233421325684","3.781825065612793","3.7889652252197266","1176","1169","1183","3.8158028721809387","3.810549736022949","3.819859504699707","1176","1169","1183","3.862366646528244","3.8583388328552246","3.8679447174072266","1176","1169","1183","4.283213555812836","4.275384902954102","4.294136047363281","1178","1171","1185"
"68","3.7838481068611145","3.7800211906433105","3.787303924560547","1192","1185","1199","3.811536490917206","3.8083486557006836","3.8153882026672363","1192","1185","1199","3.8582754731178284","3.854584217071533","3.863687515258789","1192","1185","1199","4.27338171005249","4.26223087310791","4.28483247756958","1194","1187","1201"
"69","3.780988931655884","3.7770729064941406","3.7868289947509766","1208","1201","1215","3.809044599533081","3.803332805633545","3.816596031188965","1208","1201","1215","3.8537838459014893","3.8478970527648926","3.862276315689087","1208","1201","1215","4.265530109405518","4.258487224578857","4.289154052734375","1210","1203","1217"
"70","3.779480963945389","3.773979663848877","3.7843589782714844","1224","1217","1231","3.8059542775154114","3.8000404834747314","3.81166410446167","1224","1217","1231","3.8508321344852448","3.845078229904175","3.856241226196289","1224","1217","1231","4.256978631019592","4.2529191970825195","4.262917995452881","1226","1219","1233"
"71","3.7785931825637817","3.7734766006469727","3.7869982719421387","1240","1233","1247","3.8038624227046967","3.7968251705169678","3.811680793762207","1240","1233","1247","3.8480713963508606","3.843287229537964","3.8566391468048096","1240","1233","1247","4.24697071313858","4.236439228057861","4.254452228546143","1242","1235","1249"
"72","3.7776083946228027","3.7714078426361084","3.7816171646118164","1255","1249","1261","3.8025502477373396","3.7955615520477295","3.8093714714050293","1255","1249","1261","3.846208776746477","3.8394768238067627","3.852339029312134","1255","1249","1261","4.241315841674805","4.224838733673096","4.25285005569458","1257","1251","1263"
"73","3.7788854837417603","3.776303291320801","3.78311824798584","1270","1263","1277","3.8043964207172394","3.8021621704101562","3.8085379600524902","1270","1263","1277","3.8470764756202698","3.8428051471710205","3.8525524139404297","1270","1263","1277","4.236878514289856","4.229084014892578","4.243740081787109","1272","1265","1279"
"74","3.777520090341568","3.772454261779785","3.781069755554199","1286","1279","1293","3.8022643327713013","3.797410726547241","3.804664373397827","1286","1279","1293","3.844595581293106","3.840388298034668","3.8463799953460693","1286","1279","1293","4.231603682041168","4.221698760986328","4.237096786499023","1288","1281","1295"
"75","3.7787615060806274","3.7748570442199707","3.784641981124878","1363","1356","1370","3.8026691377162933","3.7989554405212402","3.8079092502593994","1363","1356","1370","3.8442748188972473","3.839141607284546","3.852947235107422","1363","1356","1370","4.224254786968231","4.216543197631836","4.231499671936035","1365","1358","1372"
"76","3.7736385464668274","3.7674121856689453","3.779399871826172","1379","1372","1386","3.7983189821243286","3.792245388031006","3.804903745651245","1379","1372","1386","3.8392685055732727","3.833526611328125","3.8453946113586426","1379","1372","1386","4.217327892780304","4.205780029296875","4.228166103363037","1381","1374","1388"
"77","3.771904468536377","3.7675774097442627","3.7771692276000977","1394","1388","1400","3.7947679587772916","3.7905240058898926","3.798194646835327","1394","1388","1400","3.8351865836552212","3.8291049003601074","3.842698574066162","1394","1388","1400","4.209673949650356","4.201448917388916","4.221938133239746","1396","1390","1402"
"78","3.773762822151184","3.770598888397217","3.77760648727417","1409","1402","1416","3.7966342866420746","3.7930052280426025","3.800264835357666","1409","1402","1416","3.83576101064682","3.830662727355957","3.839733600616455","1409","1402","1416","4.207453012466431","4.194331169128418","4.2149152755737305","1411","1404","1418"
"79","3.7710856795310974","3.7629356384277344","3.7775375843048096","1425","1418","1432","3.7943597435951233","3.7859315872192383","3.8024446964263916","1425","1418","1432","3.8326759040355682","3.8247592449188232","3.8410651683807373","1425","1418","1432","4.197842240333557","4.179619789123535","4.2138776779174805","1427","1420","1434"
"80","3.772752970457077","3.76556658744812","3.780933380126953","1441","1434","1448","3.7938614189624786","3.784712791442871","3.8044931888580322","1441","1434","1448","3.8338580429553986","3.8239450454711914","3.841111183166504","1441","1434","1448","4.193371832370758","4.174518585205078","4.207663536071777","1443","1436","1450"
"81","3.770052880048752","3.7666664123535156","3.7768802642822266","1457","1450","1464","3.791472762823105","3.7874772548675537","3.800835609436035","1457","1450","1464","3.829399287700653","3.824364185333252","3.8366427421569824","1457","1450","1464","4.186602771282196","4.1776323318481445","4.199767112731934","1459","1452","1466"
"82","3.7690909802913666","3.761199951171875","3.775944471359253","1473","1466","1480","3.790235072374344","3.786006212234497","3.7966179847717285","1473","1466","1480","3.827237516641617","3.8228578567504883","3.832559108734131","1473","1466","1480","4.182254493236542","4.173238754272461","4.192243576049805","1475","1468","1482"
"83","3.769578763416835","3.7661514282226562","3.77384614944458","1488","1482","1494","3.7888520445142473","3.7843806743621826","3.7944774627685547","1488","1482","1494","3.826845032828195","3.8224759101867676","3.8364524841308594","1488","1482","1494","4.189538615090506","4.181929588317871","4.198753833770752","1490","1484","1496"
"84","3.7677214443683624","3.762709379196167","3.773059844970703","1503","1496","1510","3.787834882736206","3.781890869140625","3.7931957244873047","1503","1496","1510","3.8256547451019287","3.8209826946258545","3.8305177688598633","1503","1496","1510","4.175222754478455","4.167582988739014","4.187676906585693","1505","1498","1512"
"85","3.768995761871338","3.7634799480438232","3.774305582046509","1519","1512","1526","3.7882102727890015","3.779898166656494","3.7935028076171875","1519","1512","1526","3.824568510055542","3.816255569458008","3.8311710357666016","1519","1512","1526","4.167204856872559","4.153461456298828","4.18342399597168","1521","1514","1528"
"86","3.7687065601348877","3.761561870574951","3.7735109329223633","1535","1528","1542","3.7885838449001312","3.780038833618164","3.7951009273529053","1535","1528","1542","3.824819505214691","3.818887710571289","3.831695556640625","1535","1528","1542","4.177759051322937","4.164153099060059","4.187531471252441","1537","1530","1544"
"87","3.764690011739731","3.7592029571533203","3.772904396057129","1551","1544","1558","3.784148246049881","3.7767913341522217","3.791518449783325","1551","1544","1558","3.8198649883270264","3.8137402534484863","3.8276188373565674","1551","1544","1558","4.16129994392395","4.149759769439697","4.17470645904541","1553","1546","1560"
"88","3.7662248952048167","3.76070499420166","3.7713656425476074","1566","1560","1572","3.78371068409511","3.7755918502807617","3.7894959449768066","1566","1560","1572","3.8196472099849155","3.8121161460876465","3.8252153396606445","1566","1560","1572","4.155759402683803","4.145391464233398","4.16147518157959","1568","1562","1574"
"89","3.767431229352951","3.761323928833008","3.77571439743042","1581","1574","1588","3.785929709672928","3.7790791988372803","3.7939155101776123","1581","1574","1588","3.8203690350055695","3.8104703426361084","3.8292157649993896","1581","1574","1588","4.168786346912384","4.148427486419678","4.185755252838135","1583","1576","1590"
"90","3.7624136805534363","3.7589008808135986","3.766421318054199","1597","1590","1604","3.780810534954071","3.776766777038574","3.784694194793701","1597","1590","1604","3.8162456452846527","3.8105642795562744","3.8201911449432373","1597","1590","1604","4.144872188568115","4.13715934753418","4.15620756149292","1599","1592","1606"
"91","3.7636230885982513","3.7602009773254395","3.766967296600342","1613","1606","1620","3.7811861634254456","3.7752928733825684","3.7847177982330322","1613","1606","1620","3.8166105449199677","3.810992479324341","3.8235464096069336","1613","1606","1620","4.144673526287079","4.139288902282715","4.1556549072265625","1615","1608","1622"
"92","3.765098810195923","3.7603535652160645","3.767972469329834","1629","1622","1636","3.7828213274478912","3.7788033485412598","3.7859532833099365","1629","1622","1636","3.816397249698639","3.813995361328125","3.8223748207092285","1629","1622","1636","4.140253186225891","4.136632919311523","4.149775505065918","1631","1624","1638"
"93","3.762941002845764","3.7534286975860596","3.7727043628692627","1645","1638","1652","3.780917912721634","3.769127368927002","3.789647340774536","1645","1638","1652","3.8139538764953613","3.8056654930114746","3.8219587802886963","1645","1638","1652","4.135992646217346","4.1302337646484375","4.145291805267334","1647","1640","1654"
"94","3.7628683703286305","3.7581710815429688","3.772510051727295","1660","1654","1666","3.7800446578434537","3.77437686920166","3.7885372638702393","1660","1654","1666","3.8127557890755788","3.809222936630249","3.820826292037964","1660","1654","1666","4.131481170654297","4.1239471435546875","4.143120288848877","1662","1656","1668"
"95","3.76096248626709","3.7572929859161377","3.7666656970977783","1675","1668","1682","3.7783252000808716","3.7744479179382324","3.7847352027893066","1675","1668","1682","3.8113020956516266","3.8067142963409424","3.8221635818481445","1675","1668","1682","4.142594933509827","4.125894546508789","4.15364408493042","1677","1670","1684"
"96","3.762962728738785","3.7555906772613525","3.7675490379333496","1691","1684","1698","3.780359596014023","3.773263931274414","3.7854738235473633","1691","1684","1698","3.8134088814258575","3.8034074306488037","3.8196730613708496","1691","1684","1698","4.143419504165649","4.131964683532715","4.152072906494141","1693","1686","1700"
"97","3.7615117728710175","3.75761079788208","3.7697360515594482","1707","1700","1714","3.7780240178108215","3.774552345275879","3.78649640083313","1707","1700","1714","3.8113467693328857","3.8074545860290527","3.8194847106933594","1707","1700","1714","4.139188706874847","4.127471446990967","4.15127420425415","1709","1702","1716"
"98","3.7614759504795074","3.756618022918701","3.765153408050537","1723","1716","1730","3.7784276604652405","3.7745537757873535","3.782181739807129","1723","1716","1730","3.811684101819992","3.8080034255981445","3.815824031829834","1723","1716","1730","4.138285398483276","4.130437850952148","4.145254135131836","1725","1718","1732"
"99","3.7587160766124725","3.752373695373535","3.7639663219451904","1739","1732","1746","3.7751887142658234","3.771444320678711","3.7801709175109863","1739","1732","1746","3.8055559396743774","3.801802396774292","3.8113934993743896","1739","1732","1746","4.127745807170868","4.122280120849609","4.135124206542969","1741","1734","1748"
"100","3.7586186953953336","3.7540688514709473","3.762587547302246","1815","1809","1821","3.7747249943869456","3.7703757286071777","3.7790842056274414","1815","1809","1821","3.8075574125562395","3.801356315612793","3.8146824836730957","1815","1809","1821","4.126732689993722","4.118380546569824","4.137040615081787","1817","1811","1823"
"101","3.759922832250595","3.7526774406433105","3.7658205032348633","1830","1823","1837","3.775972455739975","3.7686939239501953","3.780803680419922","1830","1823","1837","3.8085649013519287","3.80142879486084","3.8135623931884766","1830","1823","1837","4.127431929111481","4.120486736297607","4.134700775146484","1832","1825","1839"
"102","3.7602890133857727","3.7532026767730713","3.7679200172424316","1846","1839","1853","3.775994062423706","3.767759084701538","3.78324031829834","1846","1839","1853","3.80729541182518","3.801302909851074","3.8130691051483154","1846","1839","1853","4.125456154346466","4.112704753875732","4.13258171081543","1848","1841","1855"
"103","3.758616119623184","3.7498369216918945","3.765273332595825","1862","1855","1869","3.7749547958374023","3.7667298316955566","3.779841423034668","1862","1855","1869","3.806302458047867","3.7962560653686523","3.8103365898132324","1862","1855","1869","4.122930824756622","4.107142448425293","4.128693580627441","1864","1857","1871"
"104","3.7592933773994446","3.752793788909912","3.7669496536254883","1878","1871","1885","3.7750873267650604","3.769050359725952","3.7799746990203857","1878","1871","1885","3.8066520988941193","3.7991135120391846","3.815155267715454","1878","1871","1885","4.117887556552887","4.108367919921875","4.128628253936768","1880","1873","1887"
"105","3.756359951836722","3.753340005874634","3.760868549346924","1893","1887","1899","3.771412202290126","3.7682628631591797","3.7747926712036133","1893","1887","1899","3.802395616258894","3.7983388900756836","3.8050007820129395","1893","1887","1899","4.110725402832031","4.106141567230225","4.120593547821045","1895","1889","1901"
"106","3.757928818464279","3.7510030269622803","3.7631330490112305","1908","1901","1915","3.7728804647922516","3.766103744506836","3.7801637649536133","1908","1901","1915","3.8029480576515198","3.795022964477539","3.807663679122925","1908","1901","1915","4.110734641551971","4.102614879608154","4.1170244216918945","1910","1903","1917"
"107","3.758448511362076","3.7544994354248047","3.7666115760803223","1924","1917","1931","3.773330956697464","3.769536256790161","3.7812581062316895","1924","1917","1931","3.8033796548843384","3.7978763580322266","3.8117518424987793","1924","1917","1931","4.1070815324783325","4.097376823425293","4.119616508483887","1926","1919","1933"
"108","3.7559667229652405","3.749027729034424","3.763040542602539","1940","1933","1947","3.771419435739517","3.7632195949554443","3.778801202774048","1940","1933","1947","3.8018590211868286","3.7949299812316895","3.80904483795166","1940","1933","1947","4.1047810316085815","4.099055290222168","4.109936714172363","1942","1935","1949"
"109","3.756204068660736","3.7495906352996826","3.7598190307617188","1956","1949","1963","3.7712085247039795","3.765209197998047","3.775468349456787","1956","1949","1963","3.800940155982971","3.796539783477783","3.8049635887145996","1956","1949","1963","4.100428819656372","4.0940141677856445","4.106295108795166","1958","1951","1965"
"110","3.7532606422901154","3.745344638824463","3.7605531215667725","1972","1965","1979","3.767502039670944","3.7598204612731934","3.7771081924438477","1972","1965","1979","3.7965956032276154","3.7874484062194824","3.8075294494628906","1972","1965","1979","4.095403552055359","4.080432891845703","4.108198165893555","1974","1967","1981"
"111","3.7561405386243547","3.7526679039001465","3.763572931289673","1987","1981","1993","3.7713706833975658","3.767425060272217","3.7788000106811523","1987","1981","1993","3.799579688480922","3.7938623428344727","3.8074779510498047","1987","1981","1993","4.099687576293945","4.092465400695801","4.113430500030518","1989","1983","1995"
"112","3.755708545446396","3.752101421356201","3.762026786804199","2002","1995","2009","3.7701500058174133","3.7648839950561523","3.776764392852783","2002","1995","2009","3.799127459526062","3.7946348190307617","3.80422306060791","2002","1995","2009","4.09384149312973","4.085931301116943","4.101390361785889","2004","1997","2011"
"113","3.7569826543331146","3.750581741333008","3.762807607650757","2018","2011","2025","3.770825833082199","3.7640204429626465","3.7743005752563477","2018","2011","2025","3.799791306257248","3.7934038639068604","3.803285598754883","2018","2011","2025","4.092592298984528","4.085569381713867","4.098400115966797","2020","2013","2027"
"114","3.755423277616501","3.75146484375","3.759841203689575","2034","2027","2041","3.769848555326462","3.767035961151123","3.7753891944885254","2034","2027","2041","3.798532158136368","3.7956409454345703","3.8037798404693604","2034","2027","2041","4.090958774089813","4.085725784301758","4.097909927368164","2036","2029","2043"
"115","3.7537695467472076","3.747729778289795","3.75978422164917","2050","2043","2057","3.7679256200790405","3.7629618644714355","3.772203207015991","2050","2043","2057","3.797250747680664","3.790179967880249","3.8033480644226074","2050","2043","2057","4.087066888809204","4.076777458190918","4.097193717956543","2052","2045","2059"
"116","3.7532187529972623","3.7490103244781494","3.7560744285583496","2065","2059","2071","3.767277956008911","3.7619125843048096","3.771749496459961","2065","2059","2071","3.7961298738207137","3.7902636528015137","3.8019723892211914","2065","2059","2071","4.084109306335449","4.0779829025268555","4.087888717651367","2067","2061","2073"
"117","3.754004716873169","3.7466776371002197","3.758765935897827","2080","2073","2087","3.76830193400383","3.7625374794006348","3.7722253799438477","2080","2073","2087","3.796142339706421","3.790701150894165","3.8011159896850586","2080","2073","2087","4.086440980434418","4.080550193786621","4.091341972351074","2082","2075","2089"
"118","3.7515915632247925","3.74777889251709","3.754789352416992","2096","2089","2103","3.7645841538906097","3.7610042095184326","3.7670178413391113","2096","2089","2103","3.7928623259067535","3.788597822189331","3.796515941619873","2096","2089","2103","4.07728111743927","4.07017183303833","4.080460548400879","2098","2091","2105"
"119","3.7514714896678925","3.747659683227539","3.756312847137451","2112","2105","2119","3.764809101819992","3.761204719543457","3.7699151039123535","2112","2105","2119","3.7925958037376404","3.7889647483825684","3.7976608276367188","2112","2105","2119","4.076562285423279","4.071399688720703","4.083052635192871","2114","2107","2121"
"120","3.7530019283294678","3.7490997314453125","3.756836175918579","2128","2121","2135","3.7667694687843323","3.7606356143951416","3.7707326412200928","2128","2121","2135","3.795255422592163","3.786942958831787","3.7999963760375977","2128","2121","2135","4.08208692073822","4.072085857391357","4.086529731750488","2130","2123","2137"
"121","3.7523395121097565","3.7511372566223145","3.7533347606658936","2144","2137","2151","3.7658015191555023","3.764538526535034","3.7681262493133545","2144","2137","2151","3.794046700000763","3.791102170944214","3.799619674682617","2144","2137","2151","4.080395698547363","4.073789596557617","4.0911641120910645","2146","2139","2153"
"122","3.751493351800101","3.749391555786133","3.7564821243286133","2159","2153","2165","3.7650763307298933","3.760582447052002","3.770240306854248","2159","2153","2165","3.7932241644178117","3.7908434867858887","3.7981181144714355","2159","2153","2165","4.081052030835833","4.075540542602539","4.091545581817627","2161","2155","2167"
"123","3.7501965761184692","3.7475035190582275","3.7542734146118164","2174","2167","2181","3.76404532790184","3.76185941696167","3.767273187637329","2174","2167","2181","3.7916170954704285","3.7886452674865723","3.794511318206787","2174","2167","2181","4.076101124286652","4.066524982452393","4.084418296813965","2176","2169","2183"
"124","3.751589983701706","3.742133140563965","3.7574265003204346","2190","2183","2197","3.7649675011634827","3.7568631172180176","3.771088123321533","2190","2183","2197","3.7923356890678406","3.784994602203369","3.798130512237549","2190","2183","2197","4.080529272556305","4.071367263793945","4.092308044433594","2192","2185","2199"
"125","3.7524993419647217","3.7464091777801514","3.758638858795166","2267","2260","2274","3.7650759518146515","3.7594900131225586","3.771091938018799","2267","2260","2274","3.792939394712448","3.78658390045166","3.797985076904297","2267","2260","2274","4.077930569648743","4.072262763977051","4.0855302810668945","2269","2262","2276"
"126","3.7485922276973724","3.7445921897888184","3.753612995147705","2283","2276","2290","3.761232316493988","3.7572004795074463","3.7657694816589355","2283","2276","2290","3.7896861135959625","3.78472638130188","3.7960314750671387","2283","2276","2290","4.074914634227753","4.069175720214844","4.080768585205078","2285","2278","2292"
"127","3.750264508383615","3.746316432952881","3.7524609565734863","2298","2292","2304","3.76371363231114","3.7590579986572266","3.7660036087036133","2298","2292","2304","3.7904501301901683","3.7851085662841797","3.7946462631225586","2298","2292","2304","4.077846050262451","4.067937850952148","4.084239482879639","2300","2294","2306"
"128","3.7501556277275085","3.746412754058838","3.754903554916382","2313","2306","2320","3.763128310441971","3.7581779956817627","3.7661306858062744","2313","2306","2320","3.790265530347824","3.7861809730529785","3.795484781265259","2313","2306","2320","4.078971982002258","4.074269771575928","4.087473392486572","2315","2308","2322"
"129","3.751704066991806","3.74751877784729","3.7557005882263184","2329","2322","2336","3.764301687479019","3.7591142654418945","3.767240047454834","2329","2322","2336","3.7926136553287506","3.7872040271759033","3.7955222129821777","2329","2322","2336","4.082379579544067","4.077569961547852","4.090297222137451","2331","2324","2338"
"130","3.749724864959717","3.744936227798462","3.756711006164551","2345","2338","2352","3.762530565261841","3.7544021606445312","3.7706146240234375","2345","2338","2352","3.788908511400223","3.782712459564209","3.79780650138855","2345","2338","2352","4.077605307102203","4.0651936531066895","4.090202331542969","2347","2340","2354"
"131","3.7508143484592438","3.7470197677612305","3.754094123840332","2361","2354","2368","3.764113426208496","3.759631872177124","3.768655300140381","2361","2354","2368","3.7898892760276794","3.787508010864258","3.7925901412963867","2361","2354","2368","4.080489277839661","4.074154853820801","4.086484432220459","2363","2356","2370"
"132","3.747571885585785","3.7434630393981934","3.7529449462890625","2377","2370","2384","3.7596008479595184","3.756099224090576","3.7650554180145264","2377","2370","2384","3.7859613597393036","3.779576301574707","3.7923264503479004","2377","2370","2384","4.075729489326477","4.067562103271484","4.085017204284668","2379","2372","2386"
"133","3.749687807900565","3.7462236881256104","3.7566537857055664","2392","2386","2398","3.7618108136313304","3.757676362991333","3.7686545848846436","2392","2386","2398","3.7882751396724155","3.7835803031921387","3.79364013671875","2392","2386","2398","4.076348236628941","4.071475028991699","4.084368705749512","2394","2388","2400"
"134","3.747518628835678","3.7419614791870117","3.754730463027954","2407","2400","2414","3.759721577167511","3.753139019012451","3.7669122219085693","2407","2400","2414","3.7857088148593903","3.7794790267944336","3.792418956756592","2407","2400","2414","4.073000431060791","4.060535430908203","4.078160285949707","2409","2402","2416"
"135","3.7463223040103912","3.7424697875976562","3.752977132797241","2423","2416","2430","3.758683294057846","3.7548861503601074","3.765242338180542","2423","2416","2430","3.7847564220428467","3.781496047973633","3.7903804779052734","2423","2416","2430","4.071679770946503","4.063999176025391","4.082042694091797","2425","2418","2432"
"136","3.7478608787059784","3.7417643070220947","3.751765727996826","2439","2432","2446","3.7597787976264954","3.753042221069336","3.764437198638916","2439","2432","2446","3.786288470029831","3.779345989227295","3.7910914421081543","2439","2432","2446","4.070527374744415","4.065688133239746","4.079487323760986","2441","2434","2448"
"137","3.747048705816269","3.7428252696990967","3.752678632736206","2455","2448","2462","3.758619338274002","3.754351854324341","3.7642993927001953","2455","2448","2462","3.785400688648224","3.7802209854125977","3.7917490005493164","2455","2448","2462","4.069628179073334","4.06517219543457","4.076592922210693","2457","2450","2464"
"138","3.7458978721073697","3.7419631481170654","3.7523484230041504","2470","2464","2476","3.7578256130218506","3.753708839416504","3.7628371715545654","2470","2464","2476","3.7835163048335483","3.7796754837036133","3.7882721424102783","2470","2464","2476","4.066055842808315","4.05706787109375","4.073770523071289","2472","2466","2478"
"139","3.7472400069236755","3.743468761444092","3.753298759460449","2485","2478","2492","3.759197175502777","3.7556896209716797","3.7661943435668945","2485","2478","2492","3.7849362790584564","3.781754493713379","3.7930829524993896","2485","2478","2492","4.06729519367218","4.058820724487305","4.08228874206543","2487","2480","2494"
"140","3.7468395233154297","3.7441582679748535","3.7520089149475098","2501","2494","2508","3.75860857963562","3.7559304237365723","3.762673854827881","2501","2494","2508","3.7845703661441803","3.782025098800659","3.7881226539611816","2501","2494","2508","4.066748738288879","4.063577175140381","4.068936347961426","2503","2496","2510"
"141","3.7450243532657623","3.7379508018493652","3.7551393508911133","2517","2510","2524","3.7565267384052277","3.7497787475585938","3.765549421310425","2517","2510","2524","3.7818800806999207","3.7760660648345947","3.791200876235962","2517","2510","2524","4.061570584774017","4.050410270690918","4.070631980895996","2519","2512","2526"
"142","3.7451504170894623","3.7390639781951904","3.7512199878692627","2533","2526","2540","3.757564753293991","3.7501542568206787","3.7644925117492676","2533","2526","2540","3.78356596827507","3.775284767150879","3.790886163711548","2533","2526","2540","4.062036633491516","4.050080299377441","4.07061767578125","2535","2528","2542"
"143","3.745673954486847","3.742506980895996","3.7489914894104004","2549","2542","2556","3.7577272951602936","3.754642963409424","3.760742425918579","2549","2542","2556","3.7822952568531036","3.7785024642944336","3.78521728515625","2549","2542","2556","4.060196220874786","4.055579662322998","4.0660929679870605","2551","2544","2558"
"144","3.7472658497946605","3.7427070140838623","3.753061294555664","2564","2558","2570","3.7590274810791016","3.756070137023926","3.763652801513672","2564","2558","2570","3.784412111554827","3.780036449432373","3.78944730758667","2564","2558","2570","4.058931759425572","4.050575256347656","4.071280479431152","2566","2560","2572"
"145","3.7465731501579285","3.7421491146087646","3.7531235218048096","2579","2572","2586","3.758823662996292","3.753166913986206","3.7652711868286133","2579","2572","2586","3.783154934644699","3.777866840362549","3.7894821166992188","2579","2572","2586","4.058001458644867","4.045866966247559","4.064707279205322","2581","2574","2588"
"146","3.748287320137024","3.744248867034912","3.751028299331665","2595","2588","2602","3.7600203454494476","3.755098819732666","3.7645516395568848","2595","2588","2602","3.784660667181015","3.7812023162841797","3.7888002395629883","2595","2588","2602","4.0597293972969055","4.0520477294921875","4.067572116851807","2597","2590","2604"
"147","3.7433434426784515","3.7375340461730957","3.7483649253845215","2611","2604","2618","3.7548310458660126","3.7495460510253906","3.7600913047790527","2611","2604","2618","3.7797787189483643","3.7743682861328125","3.7844715118408203","2611","2604","2618","4.053054451942444","4.0439863204956055","4.058165550231934","2613","2606","2620"
"148","3.745800107717514","3.7407402992248535","3.7502713203430176","2627","2620","2634","3.7568493485450745","3.7525644302368164","3.7599802017211914","2627","2620","2634","3.782039374113083","3.7783212661743164","3.786569595336914","2627","2620","2634","4.051715910434723","4.04161262512207","4.057513236999512","2629","2622","2636"
"149","3.7460073232650757","3.739525318145752","3.75175142288208","2643","2636","2650","3.7566066682338715","3.7473745346069336","3.761898994445801","2643","2636","2650","3.7825371623039246","3.773449420928955","3.7874484062194824","2643","2636","2650","4.052442491054535","4.047979831695557","4.057207107543945","2645","2638","2652"
"150","3.7435578278132846","3.736009120941162","3.7512922286987305","2719","2713","2725","3.7551513739994595","3.747498035430908","3.7648589611053467","2719","2713","2725","3.7802103587559293","3.773026704788208","3.788527011871338","2719","2713","2725","4.0494576181684225","4.039848327636719","4.060247421264648","2721","2715","2727"
"151","3.7430558800697327","3.7365548610687256","3.752469301223755","2734","2727","2741","3.754305839538574","3.746975898742676","3.762202739715576","2734","2727","2741","3.779150128364563","3.7699787616729736","3.78956937789917","2734","2727","2741","4.046882510185242","4.038853645324707","4.052055835723877","2736","2729","2743"
"152","3.742085039615631","3.739065408706665","3.745969295501709","2750","2743","2757","3.7531829178333282","3.748450756072998","3.759147882461548","2750","2743","2757","3.7783555388450623","3.774359703063965","3.7850232124328613","2750","2743","2757","4.042434811592102","4.036552429199219","4.0531816482543945","2752","2745","2759"
"153","3.744114935398102","3.73948335647583","3.748328924179077","2766","2759","2773","3.7545657455921173","3.7499918937683105","3.7584567070007324","2766","2759","2773","3.779003232717514","3.775416612625122","3.78195858001709","2766","2759","2773","4.038637101650238","4.028145790100098","4.048046588897705","2768","2761","2775"
"154","3.7419101893901825","3.7358131408691406","3.7476205825805664","2782","2775","2789","3.752745568752289","3.746954917907715","3.7587642669677734","2782","2775","2789","3.777144581079483","3.7711172103881836","3.7815423011779785","2782","2775","2789","4.034196734428406","4.030669212341309","4.040180206298828","2784","2777","2791"
"155","3.742980888911656","3.736882209777832","3.747486114501953","2797","2791","2803","3.754756280354091","3.7482903003692627","3.758862018585205","2797","2791","2803","3.7794104644230435","3.7726385593414307","3.7841732501983643","2797","2791","2803","4.030863216945103","4.0254316329956055","4.037084579467773","2799","2793","2805"
"156","3.7443889379501343","3.7401700019836426","3.7486472129821777","2812","2805","2819","3.755140483379364","3.7517476081848145","3.7610526084899902","2812","2805","2819","3.779880076646805","3.7771077156066895","3.7843422889709473","2812","2805","2819","4.0236804485321045","4.015188217163086","4.032783508300781","2814","2807","2821"
"157","3.7420184910297394","3.735708713531494","3.7504305839538574","2828","2821","2835","3.7526701390743256","3.7467241287231445","3.761758804321289","2828","2821","2835","3.7774837017059326","3.7711398601531982","3.787682056427002","2828","2821","2835","4.021490216255188","4.013182640075684","4.035639762878418","2830","2823","2837"
"158","3.744076907634735","3.7378199100494385","3.748471260070801","2844","2837","2851","3.7548524737358093","3.750147819519043","3.7593002319335938","2844","2837","2851","3.7794346809387207","3.775059700012207","3.782329559326172","2844","2837","2851","4.020987093448639","4.013469696044922","4.0274763107299805","2846","2839","2853"
"159","3.7405457496643066","3.7348833084106445","3.744438648223877","2860","2853","2867","3.751405954360962","3.7464730739593506","3.7554264068603516","2860","2853","2867","3.7752865850925446","3.771233320236206","3.7786102294921875","2860","2853","2867","4.017030358314514","4.012180328369141","4.022940158843994","2862","2855","2869"
"160","3.7427855134010315","3.736389398574829","3.7492332458496094","2876","2869","2883","3.753728210926056","3.7479734420776367","3.7606961727142334","2876","2869","2883","3.777337670326233","3.7697181701660156","3.7850403785705566","2876","2869","2883","4.016713321208954","4.010801315307617","4.028348922729492","2878","2871","2885"
"161","3.7425441401345387","3.735057830810547","3.748256206512451","2891","2885","2897","3.753389937537057","3.7453999519348145","3.7597320079803467","2891","2885","2897","3.7779382978166853","3.770747661590576","3.7851622104644775","2891","2885","2897","4.018560205187116","4.011618614196777","4.025299549102783","2893","2887","2899"
"162","3.7415422201156616","3.735015869140625","3.7476840019226074","2906","2899","2913","3.751941353082657","3.748095989227295","3.757000207901001","2906","2899","2913","3.7756427824497223","3.7703940868377686","3.781651258468628","2906","2899","2913","4.013186156749725","4.007223129272461","4.021632194519043","2908","2901","2915"
"163","3.7413764894008636","3.737175941467285","3.7476108074188232","2922","2915","2929","3.751836448907852","3.74833083152771","3.7565994262695312","2922","2915","2929","3.775526612997055","3.7722160816192627","3.781055450439453","2922","2915","2929","4.011508405208588","4.006455421447754","4.01796293258667","2924","2917","2931"
"164","3.7402168810367584","3.7349977493286133","3.744373321533203","2938","2931","2945","3.750430017709732","3.745647430419922","3.7541654109954834","2938","2931","2945","3.774322032928467","3.7697739601135254","3.777592897415161","2938","2931","2945","4.009795069694519","3.999722480773926","4.0180206298828125","2940","2933","2947"
"165","3.738990843296051","3.7330641746520996","3.747324228286743","2954","2947","2961","3.74877867102623","3.7440543174743652","3.756103515625","2954","2947","2961","3.7727167904376984","3.765409469604492","3.784088373184204","2954","2947","2961","4.00864377617836","3.9990603923797607","4.023037910461426","2956","2949","2963"
"166","3.7419841970716203","3.739490032196045","3.7443454265594482","2969","2963","2975","3.7520980153765","3.747781753540039","3.7552192211151123","2969","2963","2975","3.77603132384164","3.77304744720459","3.779350519180298","2969","2963","2975","4.011238711220877","4.007475852966309","4.016976356506348","2971","2965","2977"
"167","3.741774618625641","3.737884283065796","3.750333786010742","2984","2977","2991","3.752031147480011","3.747772693634033","3.7604517936706543","2984","2977","2991","3.7763636112213135","3.7721853256225586","3.785102367401123","2984","2977","2991","4.009129226207733","4.001483917236328","4.017197132110596","2986","2979","2993"
"168","3.7396169006824493","3.7370543479919434","3.741765022277832","3000","2993","3007","3.7506456077098846","3.7479095458984375","3.753389835357666","3000","2993","3007","3.774009257555008","3.767867088317871","3.77665114402771","3000","2993","3007","4.006268322467804","3.999220848083496","4.013332366943359","3002","2995","3009"
"169","3.739354968070984","3.733243942260742","3.742891788482666","3016","3009","3023","3.7493579983711243","3.74403715133667","3.752570629119873","3016","3009","3023","3.7725473642349243","3.7650794982910156","3.7767343521118164","3016","3009","3023","4.003465175628662","3.9920945167541504","4.0135602951049805","3018","3011","3025"
"170","3.7382038235664368","3.734689235687256","3.7435317039489746","3032","3025","3039","3.748849481344223","3.7455530166625977","3.753715991973877","3032","3025","3039","3.771891951560974","3.768176555633545","3.7769737243652344","3032","3025","3039","4.002337098121643","3.997140407562256","4.009010314941406","3034","3027","3041"
"171","3.7408640384674072","3.735314130783081","3.749600410461426","3048","3041","3055","3.7507816553115845","3.7449185848236084","3.760374069213867","3048","3041","3055","3.773705869913101","3.769667863845825","3.7817881107330322","3048","3041","3055","4.002058416604996","3.9928367137908936","4.006399154663086","3050","3043","3057"
"172","3.7397236824035645","3.734161376953125","3.746377468109131","3063","3057","3069","3.7504288128444125","3.7451674938201904","3.756511688232422","3063","3057","3069","3.7741526535579135","3.7698168754577637","3.7817881107330322","3063","3057","3069","4.001461165291922","3.997582197189331","4.009758472442627","3065","3059","3071"
"173","3.7392313480377197","3.7347898483276367","3.7415432929992676","3078","3071","3085","3.7491705119609833","3.745955467224121","3.752096176147461","3078","3071","3085","3.771492302417755","3.7682278156280518","3.7747840881347656","3078","3071","3085","3.9978100657463074","3.992607593536377","4.003419876098633","3080","3073","3087"
"174","3.7408445477485657","3.735344886779785","3.745461940765381","3094","3087","3101","3.751359462738037","3.7435731887817383","3.754392147064209","3094","3087","3101","3.7744461596012115","3.7675881385803223","3.7780919075012207","3094","3087","3101","4.000120580196381","3.995539903640747","4.007082939147949","3096","3089","3103"
"175","3.7420173585414886","3.739682674407959","3.744903564453125","3171","3164","3178","3.7521119713783264","3.7485837936401367","3.7576050758361816","3171","3164","3178","3.7751650512218475","3.773275852203369","3.7784321308135986","3171","3164","3178","3.996282249689102","3.9898123741149902","4.0024495124816895","3173","3166","3180"
"176","3.7420158684253693","3.7375171184539795","3.7500128746032715","3187","3180","3194","3.7517800629138947","3.746779441833496","3.7608132362365723","3187","3180","3194","3.77522411942482","3.7699193954467773","3.7842769622802734","3187","3180","3194","3.9968969523906708","3.9862747192382812","4.016880989074707","3189","3182","3196"
"177","3.7403911522456577","3.7354958057403564","3.746264934539795","3202","3196","3208","3.75090537752424","3.7452011108398438","3.7572035789489746","3202","3196","3208","3.77336961882455","3.7650153636932373","3.7787086963653564","3202","3196","3208","3.993058579308646","3.9850945472717285","3.9976563453674316","3204","3198","3210"
"178","3.7383096516132355","3.735288619995117","3.7436954975128174","3217","3210","3224","3.74765282869339","3.744180202484131","3.7525200843811035","3217","3210","3224","3.771430015563965","3.768099069595337","3.776679515838623","3217","3210","3224","3.991158425807953","3.9808387756347656","4.000206470489502","3219","3212","3226"
"179","3.7363047003746033","3.7292661666870117","3.7394070625305176","3233","3226","3240","3.7464514672756195","3.7398877143859863","3.75048828125","3233","3226","3240","3.769056975841522","3.762476921081543","3.7728629112243652","3233","3226","3240","3.9862557649612427","3.976361036300659","3.992365598678589","3235","3228","3242"
"180","3.7399605214595795","3.735234260559082","3.7491865158081055","3249","3242","3256","3.749324232339859","3.7443127632141113","3.7560629844665527","3249","3242","3256","3.7723024785518646","3.766777515411377","3.7789669036865234","3249","3242","3256","3.991901457309723","3.9796183109283447","4.005224704742432","3251","3244","3258"
"181","3.7360546588897705","3.7306888103485107","3.739093065261841","3265","3258","3272","3.7456207275390625","3.7399864196777344","3.7493515014648438","3265","3258","3272","3.768844723701477","3.762927293777466","3.773719549179077","3265","3258","3272","3.9839292466640472","3.978773593902588","3.988790988922119","3267","3260","3274"
"182","3.7420507073402405","3.7353856563568115","3.745659589767456","3281","3274","3288","3.7515353560447693","3.7464351654052734","3.754883289337158","3281","3274","3288","3.774466633796692","3.7682032585144043","3.7784759998321533","3281","3274","3288","3.9896130859851837","3.981259822845459","4.000784397125244","3283","3276","3290"
"183","3.739486183438982","3.735117197036743","3.7450623512268066","3296","3290","3302","3.749532495226179","3.7457523345947266","3.7543373107910156","3296","3290","3302","3.7718773569379533","3.76792311668396","3.7791290283203125","3296","3290","3302","3.9847445487976074","3.977414608001709","3.9958596229553223","3298","3292","3304"
"184","3.737756848335266","3.732959032058716","3.744748830795288","3311","3304","3318","3.747167557477951","3.74184513092041","3.754884719848633","3311","3304","3318","3.7699676156044006","3.764389991760254","3.7771921157836914","3311","3304","3318","3.9828676879405975","3.973843574523926","3.9929792881011963","3313","3306","3320"
"185","3.7359941601753235","3.73209547996521","3.7386975288391113","3327","3320","3334","3.7462571263313293","3.7420732975006104","3.750300645828247","3327","3320","3334","3.768151968717575","3.761075019836426","3.771698474884033","3327","3320","3334","3.9795883297920227","3.9750678539276123","3.9825682640075684","3329","3322","3336"
"186","3.7372617721557617","3.7343740463256836","3.740781784057617","3343","3336","3350","3.7471369802951813","3.743713855743408","3.751858949661255","3343","3336","3350","3.770281344652176","3.7669224739074707","3.774413585662842","3343","3336","3350","3.9835751056671143","3.9743666648864746","3.9924445152282715","3345","3338","3352"
"187","3.737899988889694","3.732649564743042","3.744678497314453","3359","3352","3366","3.74763947725296","3.7411580085754395","3.754209518432617","3359","3352","3366","3.7696869671344757","3.765018939971924","3.777613639831543","3359","3352","3366","3.979637920856476","3.970339775085449","3.9898905754089355","3361","3354","3368"
"188","3.7369851044246127","3.732344627380371","3.739435911178589","3374","3368","3380","3.7466424873897006","3.7434422969818115","3.748795986175537","3374","3368","3380","3.768854924610683","3.7644057273864746","3.7711400985717773","3374","3368","3380","3.98060257094247","3.9768314361572266","3.9878897666931152","3376","3370","3382"
"189","3.738274574279785","3.731473445892334","3.7409005165100098","3389","3382","3396","3.747993975877762","3.741180896759033","3.7517871856689453","3389","3382","3396","3.770048648118973","3.7633161544799805","3.7743043899536133","3389","3382","3396","3.9805949330329895","3.9739089012145996","3.9855027198791504","3391","3384","3398"
"190","3.7365378737449646","3.731441020965576","3.7388362884521484","3405","3398","3412","3.745701849460602","3.7406439781188965","3.7490036487579346","3405","3398","3412","3.7683602571487427","3.7629892826080322","3.772472858428955","3405","3398","3412","3.9762456119060516","3.9705190658569336","3.9833436012268066","3407","3400","3414"
"191","3.7367751002311707","3.731745958328247","3.741243362426758","3421","3414","3428","3.7469212412834167","3.7415847778320312","3.7523884773254395","3421","3414","3428","3.7690873444080353","3.764652967453003","3.774333953857422","3421","3414","3428","3.9796043038368225","3.9745612144470215","3.983764171600342","3423","3416","3430"
"192","3.735773801803589","3.7285451889038086","3.740952730178833","3437","3430","3444","3.745142638683319","3.738673686981201","3.7497754096984863","3437","3430","3444","3.767676293849945","3.761411666870117","3.772641181945801","3437","3430","3444","3.9731202721595764","3.9679558277130127","3.9793410301208496","3439","3432","3446"
"193","3.736160099506378","3.732942581176758","3.7410316467285156","3453","3446","3460","3.745745062828064","3.7420473098754883","3.748054027557373","3453","3446","3460","3.7681447863578796","3.764240026473999","3.770846366882324","3453","3446","3460","3.973873108625412","3.9649102687835693","3.9795265197753906","3455","3448","3462"
"194","3.7379957948412215","3.7350704669952393","3.7465898990631104","3468","3462","3474","3.747316667011806","3.7424635887145996","3.754944324493408","3468","3462","3474","3.7688313892909457","3.765258312225342","3.7733707427978516","3468","3462","3474","3.976382255554199","3.96940279006958","3.9804186820983887","3470","3464","3476"
"195","3.736956775188446","3.7352511882781982","3.739929437637329","3483","3476","3490","3.745766907930374","3.741783380508423","3.7487740516662598","3483","3476","3490","3.7679739594459534","3.764220714569092","3.7707977294921875","3483","3476","3490","3.974094867706299","3.96579909324646","3.979857921600342","3485","3478","3492"
"196","3.737810790538788","3.7276253700256348","3.743255376815796","3499","3492","3506","3.747534543275833","3.7378506660461426","3.7529873847961426","3499","3492","3506","3.7691810131073","3.76029109954834","3.7751197814941406","3499","3492","3506","3.9751544892787933","3.9679558277130127","3.9833600521087646","3501","3494","3508"
"197","3.7359091341495514","3.7300939559936523","3.7417588233947754","3515","3508","3522","3.745559871196747","3.738861560821533","3.753167152404785","3515","3508","3522","3.7665095031261444","3.7593698501586914","3.773111343383789","3515","3508","3522","3.970571517944336","3.9580321311950684","3.9792873859405518","3517","3510","3524"
"198","3.7354275584220886","3.7266125679016113","3.741529941558838","3531","3524","3538","3.7441065907478333","3.736827850341797","3.749239921569824","3531","3524","3538","3.7660433650016785","3.757469892501831","3.770519733428955","3531","3524","3538","3.9695977568626404","3.961319923400879","3.9763171672821045","3533","3526","3540"
"199","3.7358630001544952","3.7291576862335205","3.7432212829589844","3547","3540","3554","3.7452516555786133","3.7407608032226562","3.7509872913360596","3547","3540","3554","3.767378956079483","3.761441946029663","3.7739999294281006","3547","3540","3554","3.9697030186653137","3.95859956741333","3.978783130645752","3549","3542","3556"
"200","3.7367392608097623","3.7289299964904785","3.741499423980713","3623","3617","3629","3.746145725250244","3.7377195358276367","3.751765489578247","3623","3617","3629","3.7681093897138322","3.7604618072509766","3.7749435901641846","3623","3617","3629","3.969994102205549","3.961582660675049","3.9773685932159424","3625","3619","3631"
"201","3.73645156621933","3.7281346321105957","3.741885185241699","3638","3631","3645","3.746546059846878","3.7377266883850098","3.753246784210205","3638","3631","3645","3.7683097422122955","3.758852958679199","3.7745068073272705","3638","3631","3645","3.968436151742935","3.9580655097961426","3.976311445236206","3640","3633","3647"
"202","3.737217903137207","3.7342820167541504","3.741115093231201","3654","3647","3661","3.7469164729118347","3.7431416511535645","3.750387668609619","3654","3647","3661","3.7687964141368866","3.7647294998168945","3.772900104522705","3654","3647","3661","3.968523859977722","3.9603843688964844","3.9734559059143066","3656","3649","3663"
"203","3.735755056142807","3.732564926147461","3.739957332611084","3670","3663","3677","3.7448920011520386","3.741448402404785","3.747830629348755","3670","3663","3677","3.767448127269745","3.762256622314453","3.772139310836792","3670","3663","3677","3.964499771595001","3.954803943634033","3.9725494384765625","3672","3665","3679"
"204","3.734213352203369","3.7285897731781006","3.7405195236206055","3686","3679","3693","3.7432448267936707","3.737584114074707","3.7497315406799316","3686","3679","3693","3.765383005142212","3.759063243865967","3.7716705799102783","3686","3679","3693","3.9609060287475586","3.9558258056640625","3.9686403274536133","3688","3681","3695"
"205","3.7378624166761125","3.733257532119751","3.743011713027954","3701","3695","3707","3.746478251048497","3.7414631843566895","3.753065586090088","3701","3695","3707","3.7685088770730153","3.762110471725464","3.77622389793396","3701","3695","3707","3.966487543923514","3.961520195007324","3.9724395275115967","3703","3697","3709"
"206","3.735171139240265","3.73007869720459","3.740251302719116","3716","3709","3723","3.7438936829566956","3.7387843132019043","3.749452590942383","3716","3709","3723","3.765581965446472","3.7620630264282227","3.770453453063965","3716","3709","3723","3.962890863418579","3.958460807800293","3.9673895835876465","3718","3711","3725"
"207","3.7379743456840515","3.7323226928710938","3.7422823905944824","3732","3725","3739","3.7475875914096832","3.742422342300415","3.7519683837890625","3732","3725","3739","3.7690228819847107","3.7650537490844727","3.7732081413269043","3732","3725","3739","3.965704709291458","3.958533763885498","3.975093364715576","3734","3727","3741"
"208","3.734428286552429","3.728066921234131","3.7407703399658203","3748","3741","3755","3.742843449115753","3.737362861633301","3.74808669090271","3748","3741","3755","3.7645373940467834","3.759173631668091","3.769542932510376","3748","3741","3755","3.959438383579254","3.95224928855896","3.966832160949707","3750","3743","3757"
"209","3.7356456518173218","3.729673147201538","3.7433714866638184","3764","3757","3771","3.744573026895523","3.738295078277588","3.753086566925049","3764","3757","3771","3.766246348619461","3.760416030883789","3.774949550628662","3764","3757","3771","3.9611828923225403","3.955430746078491","3.9748616218566895","3766","3759","3773"
"210","3.7341757714748383","3.7291269302368164","3.737833261489868","3780","3773","3787","3.7440065145492554","3.7391233444213867","3.746840000152588","3780","3773","3787","3.765584260225296","3.7606844902038574","3.7678794860839844","3780","3773","3787","3.9591984152793884","3.952664852142334","3.9670403003692627","3782","3775","3789"
"211","3.733112335205078","3.7284135818481445","3.7370994091033936","3795","3789","3801","3.7422940049852644","3.735872507095337","3.745819568634033","3795","3789","3801","3.7634569236210416","3.759030818939209","3.766974449157715","3795","3789","3801","3.957582746233259","3.9523651599884033","3.9631876945495605","3797","3791","3803"
"212","3.7336073517799377","3.7296385765075684","3.738053798675537","3810","3803","3817","3.742367446422577","3.7384307384490967","3.747877597808838","3810","3803","3817","3.7634644210338593","3.7591476440429688","3.769397020339966","3810","3803","3817","3.9559498727321625","3.9487547874450684","3.961299180984497","3812","3805","3819"
"213","3.7360624074935913","3.7316644191741943","3.7409629821777344","3826","3819","3833","3.7452310025691986","3.7397031784057617","3.749732494354248","3826","3819","3833","3.7659929394721985","3.762151002883911","3.76998233795166","3826","3819","3833","3.9579564929008484","3.9505887031555176","3.969000816345215","3828","3821","3835"
"214","3.7355653941631317","3.730131149291992","3.740765333175659","3842","3835","3849","3.744678497314453","3.7377736568450928","3.749915599822998","3842","3835","3849","3.7661337554454803","3.7603538036346436","3.770759344100952","3842","3835","3849","3.9576043784618378","3.9515061378479004","3.9644088745117188","3844","3837","3851"
"215","3.735616385936737","3.7322754859924316","3.7414515018463135","3858","3851","3865","3.7441802620887756","3.7394440174102783","3.7508559226989746","3858","3851","3865","3.7658008337020874","3.760911464691162","3.7719719409942627","3858","3851","3865","3.956424117088318","3.9502930641174316","3.9682466983795166","3860","3853","3867"
"216","3.7342238426208496","3.7270922660827637","3.7392477989196777","3873","3867","3879","3.742783580507551","3.736949920654297","3.7474794387817383","3873","3867","3879","3.7647301810128346","3.7591726779937744","3.7708663940429688","3873","3867","3879","3.9543943064553395","3.946884870529175","3.9632134437561035","3875","3869","3881"
"217","3.7311885356903076","3.7282533645629883","3.734668016433716","3888","3881","3895","3.7406249940395355","3.7384071350097656","3.745969533920288","3888","3881","3895","3.761386811733246","3.7577714920043945","3.76593279838562","3888","3881","3895","3.950570523738861","3.943934917449951","3.962219476699829","3890","3883","3897"
"218","3.7338672876358032","3.7288691997528076","3.7378463745117188","3904","3897","3911","3.742703139781952","3.7371127605438232","3.745609760284424","3904","3897","3911","3.764106333255768","3.7589778900146484","3.767169952392578","3904","3897","3911","3.9555829763412476","3.9468510150909424","3.963465690612793","3906","3899","3913"
"219","3.733797162771225","3.7300033569335938","3.737156867980957","3920","3913","3927","3.74270299077034","3.737896203994751","3.7459635734558105","3920","3913","3927","3.764535427093506","3.759901762008667","3.7677724361419678","3920","3913","3927","3.9542098343372345","3.9485220909118652","3.9600322246551514","3922","3915","3929"
"220","3.7349637746810913","3.7299203872680664","3.741055965423584","3936","3929","3943","3.7440889477729797","3.7389426231384277","3.7509799003601074","3936","3929","3943","3.7644577622413635","3.7580769062042236","3.7710978984832764","3936","3929","3943","3.9538544416427612","3.9452123641967773","3.965895414352417","3938","3931","3945"
"221","3.7354309260845184","3.7305712699890137","3.741908550262451","3952","3945","3959","3.744402289390564","3.739508628845215","3.7502360343933105","3952","3945","3959","3.7644650638103485","3.7610719203948975","3.7719545364379883","3952","3945","3959","3.953546643257141","3.947815179824829","3.9585354328155518","3954","3947","3961"
"222","3.7326062747410367","3.7298247814178467","3.737220525741577","3967","3961","3973","3.7414206096104214","3.7372608184814453","3.7455124855041504","3967","3961","3973","3.7622389112200056","3.758124828338623","3.766831636428833","3967","3961","3973","3.9494223594665527","3.944002151489258","3.9540419578552246","3969","3963","3975"
"223","3.73274564743042","3.7301197052001953","3.737394332885742","3982","3975","3989","3.741309940814972","3.7381975650787354","3.7459402084350586","3982","3975","3989","3.7630885541439056","3.7600152492523193","3.767178535461426","3982","3975","3989","3.9527663588523865","3.9483156204223633","3.9581799507141113","3984","3977","3991"
"224","3.733097404241562","3.7298097610473633","3.737797737121582","3998","3991","4005","3.7413212954998016","3.7375471591949463","3.744851589202881","3998","3991","4005","3.762012094259262","3.7578155994415283","3.766934871673584","3998","3991","4005","3.950969249010086","3.9462175369262695","3.9579968452453613","4000","3993","4007"
"225","3.7345612347126007","3.7289843559265137","3.738436698913574","4075","4068","4082","3.743305653333664","3.737706184387207","3.748521327972412","4075","4068","4082","3.7643133401870728","3.759582996368408","3.769418478012085","4075","4068","4082","3.953788995742798","3.9455738067626953","3.960649251937866","4077","4070","4084"
"226","3.73237007856369","3.7263433933258057","3.738368511199951","4091","4084","4098","3.741040587425232","3.7345101833343506","3.7480249404907227","4091","4084","4098","3.761933207511902","3.754622220993042","3.7679219245910645","4091","4084","4098","3.950644314289093","3.942234516143799","3.9622533321380615","4093","4086","4100"
"227","3.7360105173928395","3.7331972122192383","3.74003267288208","4106","4100","4112","3.744251455579485","3.7415199279785156","3.7484421730041504","4106","4100","4112","3.7654068810599193","3.7625961303710938","3.769810199737549","4106","4100","4112","3.95308940751212","3.9481942653656006","3.960491418838501","4108","4102","4114"
"228","3.731933295726776","3.7272253036499023","3.738158702850342","4121","4114","4128","3.741270512342453","3.73653244972229","3.747081995010376","4121","4114","4128","3.761951506137848","3.755714178085327","3.769573450088501","4121","4114","4128","3.950760543346405","3.9402413368225098","3.9587278366088867","4123","4116","4130"
"229","3.7318802773952484","3.7247772216796875","3.739353656768799","4137","4130","4144","3.7403675615787506","3.734236717224121","3.7469873428344727","4137","4130","4144","3.7620961368083954","3.756643772125244","3.768371105194092","4137","4130","4144","3.9476869702339172","3.940399646759033","3.9540963172912598","4139","4132","4146"
"230","3.7351342141628265","3.731621265411377","3.7393698692321777","4153","4146","4160","3.7442126274108887","3.741400718688965","3.7476913928985596","4153","4146","4160","3.764460116624832","3.7615723609924316","3.767024517059326","4153","4146","4160","3.9502807557582855","3.9455456733703613","3.9529242515563965","4155","4148","4162"
"231","3.7312344312667847","3.727639675140381","3.736574172973633","4169","4162","4176","3.7399107813835144","3.7345733642578125","3.7446188926696777","4169","4162","4176","3.7612390220165253","3.7566440105438232","3.7661590576171875","4169","4162","4176","3.9457401037216187","3.9392127990722656","3.9517269134521484","4171","4164","4178"
"232","3.7350498139858246","3.730557680130005","3.738964796066284","4185","4178","4192","3.7436893582344055","3.738138437271118","3.7480459213256836","4185","4178","4192","3.7638439536094666","3.7588136196136475","3.768275260925293","4185","4178","4192","3.949318617582321","3.939821243286133","3.9584574699401855","4187","4180","4194"
"233","3.7335446221487865","3.729278087615967","3.741835117340088","4200","4194","4206","3.742161444255284","3.73848557472229","3.7488961219787598","4200","4194","4206","3.7635788236345564","3.7598702907562256","3.7709250450134277","4200","4194","4206","3.94597179549081","3.9425735473632812","3.9527344703674316","4202","4196","4208"
"234","3.7305627167224884","3.723651647567749","3.736145496368408","4215","4208","4222","3.7391532957553864","3.7320704460144043","3.745809316635132","4215","4208","4222","3.7598059475421906","3.7547895908355713","3.7676687240600586","4215","4208","4222","3.9441784024238586","3.940248966217041","3.9493727684020996","4217","4210","4224"
"235","3.7318306863307953","3.727248191833496","3.736478328704834","4231","4224","4238","3.7411082983016968","3.7366890907287598","3.745821475982666","4231","4224","4238","3.7620559632778168","3.757422685623169","3.766765594482422","4231","4224","4238","3.945668488740921","3.938276767730713","3.952381134033203","4233","4226","4240"
"236","3.733198881149292","3.7266595363616943","3.7390336990356445","4247","4240","4254","3.7421930134296417","3.7350666522979736","3.7480108737945557","4247","4240","4254","3.762384444475174","3.754517078399658","3.7683653831481934","4247","4240","4254","3.9451588690280914","3.9344570636749268","3.9524974822998047","4249","4242","4256"
"237","3.7301371693611145","3.725944995880127","3.735657215118408","4263","4256","4270","3.738761216402054","3.733832836151123","3.7450103759765625","4263","4256","4270","3.7583527266979218","3.7533984184265137","3.762206792831421","4263","4256","4270","3.9416509568691254","3.930459499359131","3.9499268531799316","4265","4258","4272"
"238","3.7308856419154575","3.7291502952575684","3.735438346862793","4278","4272","4284","3.7402106693812778","3.736776351928711","3.744013547897339","4278","4272","4284","3.760690757206508","3.757394790649414","3.7660999298095703","4278","4272","4284","3.94415283203125","3.9366393089294434","3.9508657455444336","4280","4274","4286"
"239","3.732790619134903","3.7289133071899414","3.7368547916412354","4293","4286","4300","3.7417202591896057","3.7371997833251953","3.746490955352783","4293","4286","4300","3.761952966451645","3.758779525756836","3.764512777328491","4293","4286","4300","3.942091315984726","3.935978889465332","3.948408365249634","4295","4288","4302"
"240","3.7314945459365845","3.726193904876709","3.738157272338867","4309","4302","4316","3.7403063774108887","3.735745906829834","3.747685432434082","4309","4302","4316","3.7602646946907043","3.753535270690918","3.7676615715026855","4309","4302","4316","3.941117227077484","3.935441493988037","3.9478280544281006","4311","4304","4318"
"241","3.7310647666454315","3.727236747741699","3.7365596294403076","4325","4318","4332","3.7402029931545258","3.735868453979492","3.745439291000366","4325","4318","4332","3.759980022907257","3.7564034461975098","3.7672038078308105","4325","4318","4332","3.9437066316604614","3.9374806880950928","3.9532837867736816","4327","4320","4334"
"242","3.732931911945343","3.7288031578063965","3.7383878231048584","4341","4334","4348","3.7412866055965424","3.7372891902923584","3.7458548545837402","4341","4334","4348","3.761487692594528","3.7595016956329346","3.765106678009033","4341","4334","4348","3.942921370267868","3.9371562004089355","3.950981616973877","4343","4336","4350"
"243","3.7337746918201447","3.7291111946105957","3.738070487976074","4357","4350","4364","3.7430345118045807","3.737250328063965","3.748378038406372","4357","4350","4364","3.7626107335090637","3.7568910121917725","3.768517017364502","4357","4350","4364","3.9418435394763947","3.933387517929077","3.951615810394287","4359","4352","4366"
"244","3.7291996479034424","3.725076913833618","3.7332041263580322","4372","4366","4378","3.7373160294124057","3.732377052307129","3.741179943084717","4372","4366","4378","3.7582284041813443","3.754412889480591","3.7611498832702637","4372","4366","4378","3.936241694859096","3.9327473640441895","3.942343235015869","4374","4368","4380"
"245","3.733698397874832","3.730055332183838","3.7368345260620117","4387","4380","4394","3.742255926132202","3.7377114295959473","3.7469375133514404","4387","4380","4394","3.7628447115421295","3.759272336959839","3.767996311187744","4387","4380","4394","3.9400200843811035","3.9330368041992188","3.947197198867798","4389","4382","4396"
"246","3.731334686279297","3.7235710620880127","3.740173816680908","4403","4396","4410","3.7401886880397797","3.7312920093536377","3.7494523525238037","4403","4396","4410","3.760228991508484","3.754232883453369","3.7675833702087402","4403","4396","4410","3.938626676797867","3.9263391494750977","3.9531002044677734","4405","4398","4412"
"247","3.7308022379875183","3.7258353233337402","3.7368061542510986","4419","4412","4426","3.7399600446224213","3.7331676483154297","3.7458407878875732","4419","4412","4426","3.759718179702759","3.7531590461730957","3.766430616378784","4419","4412","4426","3.9387117624282837","3.930807113647461","3.945324420928955","4421","4414","4428"
"248","3.730790823698044","3.7228493690490723","3.734795093536377","4435","4428","4442","3.739644765853882","3.7298614978790283","3.743262529373169","4435","4428","4442","3.760103553533554","3.7521488666534424","3.7637710571289062","4435","4428","4442","3.939518451690674","3.924443483352661","3.946629285812378","4437","4430","4444"
"249","3.7300294637680054","3.7237651348114014","3.7359986305236816","4451","4444","4458","3.738919347524643","3.7338452339172363","3.7451791763305664","4451","4444","4458","3.7595831155776978","3.754248857498169","3.767416000366211","4451","4444","4458","3.93989035487175","3.9347405433654785","3.9470105171203613","4453","4446","4460"
"250","3.728516544614519","3.722712516784668","3.7357077598571777","4527","4521","4533","3.737490109034947","3.732574224472046","3.744539737701416","4527","4521","4533","3.7581476824624196","3.753300428390503","3.7648301124572754","4527","4521","4533","3.937629904065813","3.9309804439544678","3.9431040287017822","4529","4523","4535"
"251","3.7295027375221252","3.723867416381836","3.734488010406494","4542","4535","4549","3.7384554147720337","3.7331833839416504","3.7424397468566895","4542","4535","4549","3.7582568526268005","3.75195574760437","3.7630090713500977","4542","4535","4549","3.9383235573768616","3.9308669567108154","3.9479622840881348","4544","4537","4551"
"252","3.727732688188553","3.7230162620544434","3.730945110321045","4558","4551","4565","3.7364889681339264","3.7307088375091553","3.7415173053741455","4558","4551","4565","3.756673574447632","3.751737117767334","3.7622933387756348","4558","4551","4565","3.9357426464557648","3.92362117767334","3.944042682647705","4560","4553","4567"
"253","3.7301460206508636","3.7263832092285156","3.7341806888580322","4574","4567","4581","3.7384267449378967","3.7337520122528076","3.74259614944458","4574","4567","4581","3.7581494748592377","3.7545220851898193","3.7633118629455566","4574","4567","4581","3.938579112291336","3.9346864223480225","3.942892551422119","4576","4569","4583"
"254","3.7295029759407043","3.726933002471924","3.733205556869507","4590","4583","4597","3.738303452730179","3.734466075897217","3.741544246673584","4590","4583","4597","3.7582074105739594","3.755152702331543","3.7608582973480225","4590","4583","4597","3.940004199743271","3.9362235069274902","3.9439175128936768","4592","4585","4599"
"255","3.73106050491333","3.7228214740753174","3.7386229038238525","4605","4599","4611","3.7395806653159007","3.7317733764648438","3.7463135719299316","4605","4599","4611","3.758834327970232","3.7511446475982666","3.766998767852783","4605","4599","4611","3.9436679567609514","3.9337384700775146","3.9524006843566895","4607","4601","4613"
"256","3.731268495321274","3.7265372276306152","3.737847089767456","4620","4613","4627","3.7394264340400696","3.734668493270874","3.7456459999084473","4620","4613","4627","3.759543865919113","3.7546863555908203","3.76364803314209","4620","4613","4627","3.9431111216545105","3.9368250370025635","3.947664260864258","4622","4615","4629"
"257","3.7301667630672455","3.7271933555603027","3.7368202209472656","4636","4629","4643","3.738799571990967","3.733475685119629","3.7443323135375977","4636","4629","4643","3.7589944303035736","3.755321502685547","3.7629528045654297","4636","4629","4643","3.9406498968601227","3.9339373111724854","3.9474034309387207","4638","4631","4645"
"258","3.7286843359470367","3.7241830825805664","3.73207950592041","4652","4645","4659","3.7372505962848663","3.732776403427124","3.7404820919036865","4652","4645","4659","3.757123500108719","3.752713203430176","3.760324716567993","4652","4645","4659","3.940146803855896","3.931734800338745","3.9438719749450684","4654","4647","4661"
"259","3.7292812168598175","3.726248264312744","3.7328250408172607","4668","4661","4675","3.73761123418808","3.734638214111328","3.7417232990264893","4668","4661","4675","3.7569603621959686","3.75335693359375","3.761526346206665","4668","4661","4675","3.94025257229805","3.9352023601531982","3.9480977058410645","4670","4663","4677"
"260","3.730692982673645","3.720613956451416","3.738740921020508","4684","4677","4691","3.73883718252182","3.7286088466644287","3.7450075149536133","4684","4677","4691","3.7586660981178284","3.7495927810668945","3.7644693851470947","4684","4677","4691","3.9432599246501923","3.9369871616363525","3.9480834007263184","4686","4679","4693"
"261","3.729307072503226","3.7281413078308105","3.732858657836914","4699","4693","4705","3.7379211357661655","3.736496925354004","3.7417173385620117","4699","4693","4705","3.7574710505349294","3.755629062652588","3.7623345851898193","4699","4693","4705","3.944176742008754","3.9373083114624023","3.9513907432556152","4701","4695","4707"
"262","3.73008793592453","3.7256171703338623","3.733725070953369","4714","4707","4721","3.7377602756023407","3.732442617416382","3.7409145832061768","4714","4707","4721","3.758015125989914","3.753288745880127","3.7610716819763184","4714","4707","4721","3.9429031908512115","3.934990167617798","3.946214437484741","4716","4709","4723"
"263","3.730124592781067","3.726732015609741","3.7347896099090576","4730","4723","4737","3.7385514974594116","3.7350478172302246","3.7433080673217773","4730","4723","4737","3.7584678530693054","3.75527024269104","3.7630515098571777","4730","4723","4737","3.9440446496009827","3.9370663166046143","3.9484140872955322","4732","4725","4739"
"264","3.730394721031189","3.7267038822174072","3.736325263977051","4746","4739","4753","3.7387640476226807","3.7355334758758545","3.7441930770874023","4746","4739","4753","3.758575201034546","3.754281520843506","3.764618396759033","4746","4739","4753","3.9444083273410797","3.938284397125244","3.9495046138763428","4748","4741","4755"
"265","3.7289865612983704","3.7241785526275635","3.7363972663879395","4762","4755","4769","3.7377508878707886","3.73205828666687","3.7458760738372803","4762","4755","4769","3.757572591304779","3.7519125938415527","3.7654147148132324","4762","4755","4769","3.9456924498081207","3.9402008056640625","3.954348564147949","4764","4757","4771"
"266","3.7288743427821567","3.7224340438842773","3.7349345684051514","4777","4771","4783","3.7370730468205045","3.73063325881958","3.743863821029663","4777","4771","4783","3.7562167985098704","3.7493436336517334","3.762113094329834","4777","4771","4783","3.945340156555176","3.9410712718963623","3.951200485229492","4779","4773","4785"
"267","3.7286739349365234","3.72403621673584","3.7322349548339844","4792","4785","4799","3.7378978729248047","3.734039783477783","3.741360902786255","4792","4785","4799","3.7573533058166504","3.7535526752471924","3.7600183486938477","4792","4785","4799","3.9451615810394287","3.939560890197754","3.9511308670043945","4794","4787","4801"
"268","3.730897694826126","3.7253804206848145","3.740938663482666","4808","4801","4815","3.7382194995880127","3.7323598861694336","3.7488794326782227","4808","4801","4815","3.7582941949367523","3.7513275146484375","3.7706029415130615","4808","4801","4815","3.945943295955658","3.936939239501953","3.955822706222534","4810","4803","4817"
"269","3.7290293872356415","3.7240102291107178","3.734645366668701","4824","4817","4831","3.7376593947410583","3.73171329498291","3.7431535720825195","4824","4817","4831","3.75695738196373","3.752523422241211","3.7616615295410156","4824","4817","4831","3.949138820171356","3.940586805343628","3.9553966522216797","4826","4819","4833"
"270","3.7282752096652985","3.719954013824463","3.7339513301849365","4840","4833","4847","3.7364558577537537","3.7285990715026855","3.743440628051758","4840","4833","4847","3.7562875747680664","3.7475125789642334","3.7620575428009033","4840","4833","4847","3.948254942893982","3.941507577896118","3.9567041397094727","4842","4835","4849"
"271","3.72942915558815","3.725980281829834","3.7333147525787354","4856","4849","4863","3.7380923330783844","3.734396457672119","3.7414300441741943","4856","4849","4863","3.7580882906913757","3.7535438537597656","3.7610414028167725","4856","4849","4863","3.94936740398407","3.9406914710998535","3.9569907188415527","4858","4851","4865"
"272","3.727135283606393","3.72226619720459","3.731109142303467","4871","4865","4877","3.7362100737435475","3.7312679290771484","3.740633487701416","4871","4865","4877","3.7552047116415843","3.7496657371520996","3.7586820125579834","4871","4865","4877","3.947295699800764","3.9415478706359863","3.9536430835723877","4873","4867","4879"
"273","3.726874202489853","3.719569206237793","3.7339606285095215","4886","4879","4893","3.7353799045085907","3.7276153564453125","3.7414145469665527","4886","4879","4893","3.754933536052704","3.746018886566162","3.762176990509033","4886","4879","4893","3.9470657408237457","3.9392690658569336","3.952641010284424","4888","4881","4895"
"274","3.729299306869507","3.724543333053589","3.7337582111358643","4902","4895","4909","3.737668514251709","3.732816457748413","3.7424511909484863","4902","4895","4909","3.7567058503627777","3.7533299922943115","3.759173631668091","4902","4895","4909","3.9512796998023987","3.948007822036743","3.9584622383117676","4904","4897","4911"
"275","3.7258532643318176","3.719266891479492","3.7305116653442383","4979","4972","4986","3.7342152893543243","3.7281033992767334","3.737983465194702","4979","4972","4986","3.7535779178142548","3.748669147491455","3.759099006652832","4979","4972","4986","3.9476563930511475","3.9405384063720703","3.954864740371704","4981","4974","4988"
"276","3.728262186050415","3.72349214553833","3.7310166358947754","4995","4988","5002","3.7368882298469543","3.7321696281433105","3.7395071983337402","4995","4988","5002","3.7559137046337128","3.7489376068115234","3.760493516921997","4995","4988","5002","3.9537931978702545","3.9489126205444336","3.9586119651794434","4997","4990","5004"
"277","3.7285434859139577","3.7238919734954834","3.734079360961914","5010","5004","5016","3.7365390913827077","3.7303972244262695","3.742494583129883","5010","5004","5016","3.7556402683258057","3.7487735748291016","3.761570930480957","5010","5004","5016","3.9505564825875417","3.946168899536133","3.952958822250366","5012","5006","5018"
"278","3.728702574968338","3.7200751304626465","3.73508882522583","5025","5018","5032","3.7363261282444","3.72762131690979","3.7437024116516113","5025","5018","5032","3.7558915615081787","3.746583938598633","3.7637062072753906","5025","5018","5032","3.953976422548294","3.941908359527588","3.967991828918457","5027","5020","5034"
"279","3.7255757451057434","3.7212600708007812","3.7358033657073975","5041","5034","5048","3.734272390604019","3.730257511138916","3.7426867485046387","5041","5034","5048","3.7534997761249542","3.74829363822937","3.7629551887512207","5041","5034","5048","3.9517538845539093","3.9461536407470703","3.959266424179077","5043","5036","5050"
"280","3.7283834517002106","3.722588539123535","3.731631278991699","5057","5050","5064","3.736509382724762","3.7308895587921143","3.741183280944824","5057","5050","5064","3.756535291671753","3.750485420227051","3.76175856590271","5057","5050","5064","3.955193042755127","3.9489569664001465","3.9625682830810547","5059","5052","5066"
"281","3.7263467013835907","3.7222325801849365","3.7293167114257812","5073","5066","5080","3.7348412573337555","3.7304787635803223","3.737541913986206","5073","5066","5080","3.754207283258438","3.753046989440918","3.755829334259033","5073","5066","5080","3.952829420566559","3.9469332695007324","3.957643508911133","5075","5068","5082"
"282","3.725691944360733","3.720931053161621","3.7289090156555176","5089","5082","5096","3.7338172495365143","3.7297332286834717","3.7364301681518555","5089","5082","5096","3.7537164092063904","3.74885892868042","3.757117986679077","5089","5082","5096","3.95304736495018","3.947509765625","3.9608030319213867","5091","5084","5098"
"283","3.7293390887124196","3.7236413955688477","3.734611988067627","5104","5098","5110","3.737620081220354","3.732898473739624","3.742218017578125","5104","5098","5110","3.7570062705448697","3.7527170181274414","3.7628188133239746","5104","5098","5110","3.953843116760254","3.946646213531494","3.963754653930664","5106","5100","5112"
"284","3.728077083826065","3.7212095260620117","3.7328290939331055","5119","5112","5126","3.7366494238376617","3.729229211807251","3.7406980991363525","5119","5112","5126","3.755958080291748","3.749753475189209","3.7611045837402344","5119","5112","5126","3.9546585381031036","3.9474613666534424","3.9578914642333984","5121","5114","5128"
"285","3.725559949874878","3.7174532413482666","3.733002185821533","5135","5128","5142","3.73380109667778","3.7253618240356445","3.742156744003296","5135","5128","5142","3.7528518438339233","3.7459168434143066","3.7613513469696045","5135","5128","5142","3.953875631093979","3.945066213607788","3.9646501541137695","5137","5130","5144"
"286","3.7249753177165985","3.7214694023132324","3.728642225265503","5151","5144","5158","3.7325263023376465","3.7276620864868164","3.735658884048462","5151","5144","5158","3.7522371411323547","3.7467212677001953","3.7556188106536865","5151","5144","5158","3.9520631432533264","3.9460654258728027","3.957474946975708","5153","5146","5160"
"287","3.726385176181793","3.719113826751709","3.7303049564361572","5167","5160","5174","3.7348775565624237","3.7285099029541016","3.740081787109375","5167","5160","5174","3.7538872361183167","3.7476155757904053","3.7581591606140137","5167","5160","5174","3.9540499448776245","3.9482080936431885","3.958336591720581","5169","5162","5176"
"288","3.7267987046922957","3.722104072570801","3.73344087600708","5182","5176","5188","3.7348670278276717","3.7288808822631836","3.741710901260376","5182","5176","5188","3.7540672506604875","3.7485711574554443","3.760662078857422","5182","5176","5188","3.9574878556387767","3.9525351524353027","3.962191581726074","5184","5178","5190"
"289","3.726166218519211","3.7216529846191406","3.7325897216796875","5197","5190","5204","3.7348045110702515","3.7300357818603516","3.7414674758911133","5197","5190","5204","3.753986209630966","3.7488813400268555","3.760340690612793","5197","5190","5204","3.9572099447250366","3.9447407722473145","3.9646241664886475","5199","5192","5206"
"290","3.729368031024933","3.723745346069336","3.7362799644470215","5213","5206","5220","3.7372389435768127","3.731466770172119","3.745352268218994","5213","5206","5220","3.755646824836731","3.7501091957092285","3.761955499649048","5213","5206","5220","3.95593923330307","3.9479222297668457","3.9641456604003906","5215","5208","5222"
"291","3.7258996069431305","3.7221999168395996","3.729201078414917","5229","5222","5236","3.733548015356064","3.7300243377685547","3.7361021041870117","5229","5222","5236","3.753390371799469","3.74835205078125","3.7567312717437744","5229","5222","5236","3.9561922550201416","3.9469833374023438","3.965651512145996","5231","5224","5238"
"292","3.726578265428543","3.7216339111328125","3.7332072257995605","5245","5238","5252","3.734768033027649","3.730060577392578","3.74094295501709","5245","5238","5252","3.753151386976242","3.7489891052246094","3.758410930633545","5245","5238","5252","3.953398674726486","3.94545841217041","3.9610376358032227","5247","5240","5254"
"293","3.725768208503723","3.7214255332946777","3.7307121753692627","5261","5254","5268","3.7342265248298645","3.730234146118164","3.738616943359375","5261","5254","5268","3.752886801958084","3.7476425170898438","3.7579092979431152","5261","5254","5268","3.9575065076351166","3.9470105171203613","3.96622371673584","5263","5256","5270"
"294","3.72672700881958","3.719761610031128","3.731793165206909","5276","5270","5282","3.7355776514325822","3.7295820713043213","3.7399234771728516","5276","5270","5282","3.754643372126988","3.7473556995391846","3.7588634490966797","5276","5270","5282","3.958101068224226","3.952695369720459","3.961935520172119","5278","5272","5284"
"295","3.7249917089939117","3.71791410446167","3.731884002685547","5291","5284","5298","3.732972204685211","3.726504325866699","3.7404837608337402","5291","5284","5298","3.752910763025284","3.744776487350464","3.760612726211548","5291","5284","5298","3.9557758569717407","3.9477055072784424","3.965416431427002","5293","5286","5300"
"296","3.7287901043891907","3.7257461547851562","3.732172966003418","5307","5300","5314","3.7364656925201416","3.732944965362549","3.740457534790039","5307","5300","5314","3.7562012374401093","3.7539052963256836","3.7591958045959473","5307","5300","5314","3.962007850408554","3.954164981842041","3.9695069789886475","5309","5302","5316"
"297","3.7261370718479156","3.7229490280151367","3.731656074523926","5323","5316","5330","3.7343638241291046","3.7313690185546875","3.739901304244995","5323","5316","5330","3.753214955329895","3.749654531478882","3.7570319175720215","5323","5316","5330","3.955464720726013","3.9489336013793945","3.9646387100219727","5325","5318","5332"
"298","3.724252462387085","3.7213573455810547","3.729963541030884","5339","5332","5346","3.7327238619327545","3.729555368423462","3.7382447719573975","5339","5332","5346","3.7517116963863373","3.747551918029785","3.7572169303894043","5339","5332","5346","3.9543894231319427","3.9462194442749023","3.9622998237609863","5341","5334","5348"
"299","3.725821405649185","3.7188916206359863","3.731586217880249","5355","5348","5362","3.734237492084503","3.7279257774353027","3.74000883102417","5355","5348","5362","3.753024309873581","3.746370315551758","3.759190320968628","5355","5348","5362","3.954946845769882","3.9493460655212402","3.9634668827056885","5357","5350","5364"
"300","3.7269279275621687","3.7226321697235107","3.7378592491149902","5431","5425","5437","3.7349868501935686","3.7307419776916504","3.746133327484131","5431","5425","5437","3.7539676257542203","3.7489798069000244","3.7650938034057617","5431","5425","5437","3.9581593104771207","3.9490246772766113","3.9732909202575684","5433","5427","5439"
"301","3.7282246351242065","3.7241389751434326","3.733081817626953","5446","5439","5453","3.7366631627082825","3.731369972229004","3.7408485412597656","5446","5439","5453","3.755597233772278","3.7509279251098633","3.7602782249450684","5446","5439","5453","3.9594522416591644","3.9538955688476562","3.965973138809204","5448","5441","5455"
"302","3.7261806428432465","3.7212438583374023","3.734330654144287","5462","5455","5469","3.734348475933075","3.729630947113037","3.743967056274414","5462","5455","5469","3.752752870321274","3.748246431350708","3.7610397338867188","5462","5455","5469","3.956461638212204","3.9482762813568115","3.9693727493286133","5464","5457","5471"
"303","3.7275346219539642","3.7227210998535156","3.730708122253418","5478","5471","5485","3.7356697022914886","3.7300078868865967","3.7399203777313232","5478","5471","5485","3.7548969984054565","3.748711109161377","3.7593002319335938","5478","5471","5485","3.959739476442337","3.9494404792785645","3.9666028022766113","5480","5473","5487"
"304","3.7255853414535522","3.723250389099121","3.729330539703369","5494","5487","5501","3.7339377999305725","3.729429244995117","3.737330436706543","5494","5487","5501","3.7532736361026764","3.749394416809082","3.757741689682007","5494","5487","5501","3.9578232765197754","3.9544661045074463","3.967841863632202","5496","5489","5503"
"305","3.7246320247650146","3.7205076217651367","3.726879119873047","5509","5503","5515","3.733656474522182","3.72952938079834","3.736696243286133","5509","5503","5515","3.7524031570979526","3.74753475189209","3.756352424621582","5509","5503","5515","3.9560574804033553","3.9448835849761963","3.9602606296539307","5511","5505","5517"
"306","3.727506637573242","3.7227630615234375","3.731137752532959","5524","5517","5531","3.7362210154533386","3.729856491088867","3.740708589553833","5524","5517","5531","3.7553239464759827","3.7488973140716553","3.7603988647460938","5524","5517","5531","3.960511267185211","3.9464616775512695","3.967957019805908","5526","5519","5533"
"307","3.725618988275528","3.721034049987793","3.733105182647705","5540","5533","5547","3.733813762664795","3.7298550605773926","3.7413973808288574","5540","5533","5547","3.7525117993354797","3.7475953102111816","3.7608814239501953","5540","5533","5547","3.957524359226227","3.945614814758301","3.971436023712158","5542","5535","5549"
"308","3.725412607192993","3.7208776473999023","3.7295496463775635","5556","5549","5563","3.7344553768634796","3.729518413543701","3.737811803817749","5556","5549","5563","3.753370702266693","3.74906063079834","3.757755756378174","5556","5549","5563","3.958473026752472","3.9551925659179688","3.963388681411743","5558","5551","5565"
"309","3.726288676261902","3.722503662109375","3.729738473892212","5572","5565","5579","3.7348833680152893","3.7308077812194824","3.7374520301818848","5572","5565","5579","3.7536011934280396","3.7507190704345703","3.7559807300567627","5572","5565","5579","3.9592990577220917","3.9563982486724854","3.9633193016052246","5574","5567","5581"
"310","3.7245639860630035","3.7203867435455322","3.7287652492523193","5588","5581","5595","3.732575297355652","3.72711181640625","3.7371625900268555","5588","5581","5595","3.752218574285507","3.746842384338379","3.7563843727111816","5588","5581","5595","3.961081236600876","3.954991340637207","3.9657912254333496","5590","5583","5597"
"311","3.7267560277666365","3.724912643432617","3.7293553352355957","5603","5597","5609","3.7342068127223422","3.7314815521240234","3.737441062927246","5603","5597","5609","3.7538157190595354","3.751430034637451","3.757953643798828","5603","5597","5609","3.9603049073900496","3.9561727046966553","3.9648571014404297","5605","5599","5611"
"312","3.723505198955536","3.7168126106262207","3.7280120849609375","5618","5611","5625","3.732015162706375","3.7265820503234863","3.7349166870117188","5618","5611","5625","3.750449687242508","3.7456469535827637","3.7535605430603027","5618","5611","5625","3.9592823684215546","3.951169490814209","3.9663329124450684","5620","5613","5627"
"313","3.7256679236888885","3.72015643119812","3.7318899631500244","5634","5627","5641","3.733778953552246","3.727701187133789","3.740938186645508","5634","5627","5641","3.7523349821567535","3.7469654083251953","3.758455753326416","5634","5627","5641","3.9607402980327606","3.953357219696045","3.9655308723449707","5636","5629","5643"
"314","3.725459575653076","3.7215330600738525","3.7285003662109375","5650","5643","5657","3.7337912023067474","3.7292909622192383","3.737553596496582","5650","5643","5657","3.7526665925979614","3.747990131378174","3.7560691833496094","5650","5643","5657","3.960498660802841","3.9541995525360107","3.965616226196289","5652","5645","5659"
"315","3.724185734987259","3.7216241359710693","3.72698974609375","5666","5659","5673","3.7324801087379456","3.729886293411255","3.7368619441986084","5666","5659","5673","3.751615524291992","3.747547149658203","3.7546980381011963","5666","5659","5673","3.9582375586032867","3.9539008140563965","3.9654791355133057","5668","5661","5675"
"316","3.722247157778059","3.7192020416259766","3.7255849838256836","5681","5675","5687","3.7310119356427873","3.7269275188446045","3.7340171337127686","5681","5675","5687","3.750026191983904","3.745577812194824","3.7544949054718018","5681","5675","5687","3.957841396331787","3.9531919956207275","3.9614338874816895","5683","5677","5689"
"317","3.7256712913513184","3.722043752670288","3.727640390396118","5696","5689","5703","3.733898252248764","3.729994058609009","3.7362375259399414","5696","5689","5703","3.7522647380828857","3.7482266426086426","3.755427360534668","5696","5689","5703","3.959462881088257","3.9562759399414062","3.9616427421569824","5698","5691","5705"
"318","3.7240545451641083","3.7185044288635254","3.7309980392456055","5712","5705","5719","3.732510894536972","3.727569103240967","3.740508556365967","5712","5705","5719","3.751144766807556","3.7474489212036133","3.7594971656799316","5712","5705","5719","3.960283041000366","3.955528736114502","3.967339515686035","5714","5707","5721"
"319","3.723859816789627","3.718357563018799","3.728790760040283","5728","5721","5735","3.7323362827301025","3.727738380432129","3.7372021675109863","5728","5721","5735","3.751622259616852","3.746018886566162","3.7584786415100098","5728","5721","5735","3.959377884864807","3.950894832611084","3.9665675163269043","5730","5723","5737"
"320","3.72171151638031","3.7144269943237305","3.72676420211792","5744","5737","5751","3.7303410470485687","3.7231597900390625","3.7364137172698975","5744","5737","5751","3.74933522939682","3.7432069778442383","3.756441354751587","5744","5737","5751","3.9577263593673706","3.9442098140716553","3.9640138149261475","5746","5739","5753"
"321","3.724452406167984","3.7175354957580566","3.7308897972106934","5760","5753","5767","3.7329779863357544","3.7264275550842285","3.739372730255127","5760","5753","5767","3.750755339860916","3.746105194091797","3.7559616565704346","5760","5753","5767","3.9610210359096527","3.950401782989502","3.9724550247192383","5762","5755","5769"
"322","3.7248405047825406","3.7199254035949707","3.731142520904541","5775","5769","5781","3.7325664588383267","3.7280023097991943","3.739107131958008","5775","5769","5781","3.751227855682373","3.7467637062072754","3.7563207149505615","5775","5769","5781","3.958683558872768","3.9519495964050293","3.9677610397338867","5777","5771","5783"
"323","3.7243758738040924","3.719817638397217","3.72928786277771","5790","5783","5797","3.7328287959098816","3.7288694381713867","3.7364277839660645","5790","5783","5797","3.751244068145752","3.7470226287841797","3.7549407482147217","5790","5783","5797","3.9629962146282196","3.9576570987701416","3.970646858215332","5792","5785","5799"
"324","3.7239859104156494","3.7207725048065186","3.728926658630371","5806","5799","5813","3.7317115664482117","3.7279410362243652","3.7364532947540283","5806","5799","5813","3.750705361366272","3.746544361114502","3.7551684379577637","5806","5799","5813","3.961804747581482","3.955381155014038","3.9715821743011475","5808","5801","5815"
"325","3.725405901670456","3.719841957092285","3.7287535667419434","5883","5876","5890","3.7339028120040894","3.7299017906188965","3.7379021644592285","5883","5876","5890","3.7528189718723297","3.747769355773926","3.7566394805908203","5883","5876","5890","3.964356541633606","3.9554781913757324","3.9693078994750977","5885","5878","5892"
"326","3.7239477336406708","3.7199020385742188","3.7299156188964844","5899","5892","5906","3.731984853744507","3.7282516956329346","3.737640380859375","5899","5892","5906","3.750212609767914","3.744943857192993","3.7574892044067383","5899","5892","5906","3.959153413772583","3.9469149112701416","3.9659175872802734","5901","5894","5908"
"327","3.7235720498221263","3.7184548377990723","3.728605031967163","5914","5908","5920","3.7315408842904225","3.726327419281006","3.735652208328247","5914","5908","5920","3.750494582312448","3.7457313537597656","3.7558298110961914","5914","5908","5920","3.960144519805908","3.9540815353393555","3.969604015350342","5916","5910","5922"
"328","3.7239422500133514","3.7204668521881104","3.725766897201538","5929","5922","5936","3.7322699427604675","3.7301974296569824","3.7337937355041504","5929","5922","5936","3.7508068680763245","3.7486348152160645","3.7534499168395996","5929","5922","5936","3.961163967847824","3.9541938304901123","3.966435194015503","5931","5924","5938"
"329","3.723347693681717","3.721245765686035","3.7258780002593994","5945","5938","5952","3.7317200005054474","3.729818344116211","3.734492301940918","5945","5938","5952","3.7502454817295074","3.747270107269287","3.7538185119628906","5945","5938","5952","3.958855301141739","3.953463077545166","3.9665446281433105","5947","5940","5954"
"330","3.7227033376693726","3.7180070877075195","3.726999521255493","5961","5954","5968","3.730507969856262","3.7265372276306152","3.7350006103515625","5961","5954","5968","3.749372363090515","3.7443957328796387","3.7538135051727295","5961","5954","5968","3.9590308368206024","3.9528865814208984","3.9699559211730957","5963","5956","5970"
"331","3.7259144484996796","3.7231616973876953","3.73050594329834","5977","5970","5984","3.734261393547058","3.7304272651672363","3.738477945327759","5977","5970","5984","3.753087490797043","3.749783992767334","3.757499933242798","5977","5970","5984","3.963650196790695","3.958983898162842","3.9694557189941406","5979","5972","5986"
"332","3.7226686477661133","3.719470977783203","3.7248783111572266","5993","5986","6000","3.7310276329517365","3.7265238761901855","3.7335362434387207","5993","5986","6000","3.7501701414585114","3.746642589569092","3.754336357116699","5993","5986","6000","3.956995129585266","3.9514431953430176","3.9626715183258057","5995","5988","6002"
"333","3.7237991264888217","3.7187998294830322","3.727433443069458","6008","6002","6014","3.7323625087738037","3.727766513824463","3.7356722354888916","6008","6002","6014","3.75009332384382","3.7443435192108154","3.754366636276245","6008","6002","6014","3.958214691707066","3.9447436332702637","3.9683215618133545","6010","6004","6016"
"334","3.723552644252777","3.7158164978027344","3.7303826808929443","6023","6016","6030","3.7315850257873535","3.723665952682495","3.7377116680145264","6023","6016","6030","3.7498382329940796","3.7415659427642822","3.755856990814209","6023","6016","6030","3.957440584897995","3.948249340057373","3.9680514335632324","6025","6018","6032"
"335","3.7232478857040405","3.7161383628845215","3.7315616607666016","6039","6032","6046","3.7317827343940735","3.725428581237793","3.7403059005737305","6039","6032","6046","3.750918745994568","3.744406223297119","3.758673667907715","6039","6032","6046","3.956189811229706","3.9517621994018555","3.9630961418151855","6041","6034","6048"
"336","3.722789078950882","3.719491481781006","3.7261414527893066","6055","6048","6062","3.731267273426056","3.7272396087646484","3.7343292236328125","6055","6048","6062","3.7496334612369537","3.7451701164245605","3.7527642250061035","6055","6048","6062","3.9561574459075928","3.949181079864502","3.9620416164398193","6057","6050","6064"
"337","3.723640650510788","3.718062400817871","3.7270398139953613","6071","6064","6078","3.7321756184101105","3.728731155395508","3.7360188961029053","6071","6064","6078","3.75084912776947","3.7462167739868164","3.754660129547119","6071","6064","6078","3.955882430076599","3.948232889175415","3.9667975902557373","6073","6066","6080"
"338","3.7241544042314803","3.72053861618042","3.7280025482177734","6086","6080","6092","3.732323408126831","3.7290244102478027","3.73604154586792","6086","6080","6092","3.7510392325265065","3.7453675270080566","3.7545597553253174","6086","6080","6092","3.954991102218628","3.9487967491149902","3.96091890335083","6088","6082","6094"
"339","3.7233574092388153","3.7174301147460938","3.727262020111084","6101","6094","6108","3.7320129573345184","3.7247042655944824","3.7363245487213135","6101","6094","6108","3.750547409057617","3.7436578273773193","3.754570960998535","6101","6094","6108","3.953798085451126","3.9477357864379883","3.9591078758239746","6103","6096","6110"
"340","3.7217226028442383","3.716576099395752","3.7294764518737793","6117","6110","6124","3.73019877076149","3.7248010635375977","3.7375032901763916","6117","6110","6124","3.7491907477378845","3.742666482925415","3.7576801776885986","6117","6110","6124","3.952437937259674","3.9424352645874023","3.9640612602233887","6119","6112","6126"
"341","3.722083956003189","3.717416524887085","3.7261133193969727","6133","6126","6140","3.7308466136455536","3.7266130447387695","3.7346527576446533","6133","6126","6140","3.7492308020591736","3.7441205978393555","3.753398895263672","6133","6126","6140","3.94930636882782","3.9431815147399902","3.9549927711486816","6135","6128","6142"
"342","3.7231573164463043","3.718888282775879","3.7285075187683105","6149","6142","6156","3.7317511439323425","3.726924180984497","3.7378597259521484","6149","6142","6156","3.74989777803421","3.7445411682128906","3.755195140838623","6149","6142","6156","3.95165953040123","3.9454164505004883","3.9566500186920166","6151","6144","6158"
"343","3.7236200273036957","3.7202062606811523","3.7292826175689697","6165","6158","6172","3.732195407152176","3.7279233932495117","3.7377963066101074","6165","6158","6172","3.750760465860367","3.7485744953155518","3.754934072494507","6165","6158","6172","3.950578421354294","3.9453630447387695","3.954389810562134","6167","6160","6174"
"344","3.722886187689645","3.718815803527832","3.73075008392334","6180","6174","6186","3.7315053939819336","3.7281494140625","3.737884998321533","6180","6174","6186","3.749789237976074","3.745513916015625","3.756199359893799","6180","6174","6186","3.950909376144409","3.94685959815979","3.9561760425567627","6182","6176","6188"
"345","3.7232744991779327","3.718869686126709","3.7288787364959717","6195","6188","6202","3.7315672039985657","3.7275145053863525","3.7361679077148438","6195","6188","6202","3.7497104108333588","3.746412754058838","3.7554264068603516","6195","6188","6202","3.9487830996513367","3.942131280899048","3.956207513809204","6197","6190","6204"
"346","3.721349358558655","3.7150862216949463","3.7273788452148438","6211","6204","6218","3.7302092909812927","3.724514961242676","3.7371487617492676","6211","6204","6218","3.748311400413513","3.7420854568481445","3.7551188468933105","6211","6204","6218","3.9466297328472137","3.9416162967681885","3.9511940479278564","6213","6206","6220"
"347","3.723368853330612","3.7190651893615723","3.731588840484619","6227","6220","6234","3.732063591480255","3.727041006088257","3.739725112915039","6227","6220","6234","3.75021630525589","3.7448854446411133","3.7584495544433594","6227","6220","6234","3.949497699737549","3.944389581680298","3.9566478729248047","6229","6222","6236"
"348","3.7210270762443542","3.715850830078125","3.726046323776245","6243","6236","6250","3.729346424341202","3.7240219116210938","3.7345123291015625","6243","6236","6250","3.7478123903274536","3.742107391357422","3.7513256072998047","6243","6236","6250","3.94438374042511","3.936213493347168","3.9514122009277344","6245","6238","6252"
"349","3.7199738919734955","3.7112700939178467","3.7257285118103027","6259","6252","6266","3.7288290560245514","3.7202529907226562","3.734872341156006","6259","6252","6266","3.747381865978241","3.738386631011963","3.752450942993164","6259","6252","6266","3.942380368709564","3.9355740547180176","3.9483041763305664","6261","6254","6268"
"350","3.7224608830043246","3.7173538208007812","3.728261709213257","6335","6329","6341","3.730750492640904","3.7252016067504883","3.7358975410461426","6335","6329","6341","3.7491341659000943","3.744709014892578","3.755460262298584","6335","6329","6341","3.9451922348567416","3.9360578060150146","3.9539053440093994","6337","6331","6343"
"351","3.721670687198639","3.7173259258270264","3.725637435913086","6350","6343","6357","3.7296177446842194","3.7247486114501953","3.7327170372009277","6350","6343","6357","3.748010575771332","3.7440733909606934","3.750425338745117","6350","6343","6357","3.9412975907325745","3.93333101272583","3.945009708404541","6352","6345","6359"
"352","3.7217934131622314","3.717064380645752","3.7261643409729004","6366","6359","6373","3.7304576635360718","3.725377082824707","3.7346816062927246","6366","6359","6373","3.748755604028702","3.743206024169922","3.7545909881591797","6366","6359","6373","3.941577672958374","3.932645320892334","3.948812961578369","6368","6361","6375"
"353","3.72082781791687","3.713555335998535","3.7237114906311035","6382","6375","6389","3.7292774617671967","3.721825122833252","3.7327468395233154","6382","6375","6389","3.7480473816394806","3.739917755126953","3.751481056213379","6382","6375","6389","3.937912195920944","3.9268598556518555","3.943814754486084","6384","6377","6391"
"354","3.7203272581100464","3.7162208557128906","3.7263529300689697","6398","6391","6405","3.7297004759311676","3.7262134552001953","3.7351229190826416","6398","6391","6405","3.7478118538856506","3.7437729835510254","3.7545230388641357","6398","6391","6405","3.9384024143218994","3.9280967712402344","3.948131799697876","6400","6393","6407"
"355","3.7217914717538014","3.717830181121826","3.7258567810058594","6413","6407","6419","3.7301363945007324","3.7265448570251465","3.7340447902679443","6413","6407","6419","3.748528684888567","3.7445645332336426","3.753012180328369","6413","6407","6419","3.9369066102164134","3.929924964904785","3.9445154666900635","6415","6409","6421"
"356","3.720303773880005","3.7148401737213135","3.726672649383545","6428","6421","6435","3.7285299003124237","3.7242238521575928","3.7348146438598633","6428","6421","6435","3.7470666766166687","3.742372989654541","3.753411293029785","6428","6421","6435","3.934580534696579","3.926295280456543","3.9409866333007812","6430","6423","6437"
"357","3.719853460788727","3.715700626373291","3.7245402336120605","6444","6437","6451","3.7283314168453217","3.725205898284912","3.7328662872314453","6444","6437","6451","3.746258854866028","3.7436208724975586","3.7509193420410156","6444","6437","6451","3.933155447244644","3.92988657951355","3.9387927055358887","6446","6439","6453"
"358","3.7195076942443848","3.712599039077759","3.724414348602295","6460","6453","6467","3.728433132171631","3.7225446701049805","3.733401298522949","6460","6453","6467","3.7464982867240906","3.7393639087677","3.752551555633545","6460","6453","6467","3.9330571591854095","3.926074981689453","3.9415364265441895","6462","6455","6469"
"359","3.7205201983451843","3.7182669639587402","3.724759578704834","6476","6469","6483","3.7293634116649628","3.727266788482666","3.7331795692443848","6476","6469","6483","3.7474547624588013","3.744849681854248","3.7524662017822266","6476","6469","6483","3.929326504468918","3.9225268363952637","3.9375271797180176","6478","6471","6485"
"360","3.7230445444583893","3.720632314682007","3.7258663177490234","6492","6485","6499","3.730899214744568","3.7281692028045654","3.733640193939209","6492","6485","6499","3.7493162155151367","3.745434284210205","3.75380277633667","6492","6485","6499","3.927800953388214","3.9242944717407227","3.9351425170898438","6494","6487","6501"
"361","3.720935583114624","3.7163562774658203","3.724445343017578","6507","6501","6513","3.729763916560582","3.726205348968506","3.732746124267578","6507","6501","6513","3.747529983520508","3.744645595550537","3.750596523284912","6507","6501","6513","3.9279065813337053","3.923614263534546","3.9350686073303223","6509","6503","6515"
"362","3.7235524356365204","3.7172141075134277","3.7296581268310547","6522","6515","6529","3.7321814000606537","3.7257237434387207","3.7377471923828125","6522","6515","6529","3.749190390110016","3.7437243461608887","3.754514217376709","6522","6515","6529","3.9269380271434784","3.921372413635254","3.9319772720336914","6524","6517","6531"
"363","3.7218689024448395","3.714735507965088","3.727799892425537","6538","6531","6545","3.731448709964752","3.72432804107666","3.7376768589019775","6538","6531","6545","3.749133378267288","3.743978977203369","3.7559995651245117","6538","6531","6545","3.9264842569828033","3.9214911460876465","3.934032917022705","6540","6533","6547"
"364","3.7220312654972076","3.7161738872528076","3.727830648422241","6554","6547","6561","3.7309839129447937","3.7251243591308594","3.739319324493408","6554","6547","6561","3.7492120265960693","3.743497371673584","3.7585015296936035","6554","6547","6561","3.9256943464279175","3.915370464324951","3.937317371368408","6556","6549","6563"
"365","3.722158759832382","3.7194855213165283","3.726201295852661","6570","6563","6577","3.7305887639522552","3.727139949798584","3.7347049713134766","6570","6563","6577","3.748591184616089","3.744274854660034","3.752875804901123","6570","6563","6577","3.9232469499111176","3.9183220863342285","3.932234048843384","6572","6565","6579"
"366","3.7207251616886685","3.716515064239502","3.7259774208068848","6585","6579","6591","3.7288177694593156","3.7234034538269043","3.734288454055786","6585","6579","6591","3.7474002838134766","3.742455244064331","3.7516565322875977","6585","6579","6591","3.923584597451346","3.9163026809692383","3.9279205799102783","6587","6581","6593"
"367","3.7206311225891113","3.717052459716797","3.7256181240081787","6600","6593","6607","3.7290139198303223","3.725332021713257","3.7341182231903076","6600","6593","6607","3.7468982338905334","3.7428765296936035","3.752110481262207","6600","6593","6607","3.923572838306427","3.9147043228149414","3.9304943084716797","6602","6595","6609"
"368","3.7216261327266693","3.7176380157470703","3.724473237991333","6616","6609","6623","3.729879379272461","3.7257118225097656","3.7329344749450684","6616","6609","6623","3.74811327457428","3.7448742389678955","3.7512378692626953","6616","6609","6623","3.9234026670455933","3.918452262878418","3.929875373840332","6618","6611","6625"
"369","3.7209193110466003","3.716428756713867","3.72709321975708","6632","6625","6639","3.7290225625038147","3.7252142429351807","3.7343664169311523","6632","6625","6639","3.7469944953918457","3.741633892059326","3.751579999923706","6632","6625","6639","3.922675848007202","3.915100574493408","3.9281437397003174","6634","6627","6641"
"370","3.7231973707675934","3.7199697494506836","3.7293825149536133","6648","6641","6655","3.7319362461566925","3.729492664337158","3.7369675636291504","6648","6641","6655","3.749008744955063","3.7456135749816895","3.7551374435424805","6648","6641","6655","3.9222477674484253","3.919013023376465","3.929168224334717","6650","6643","6657"
"371","3.7216958105564117","3.7151269912719727","3.725954055786133","6664","6657","6671","3.7303943037986755","3.723874807357788","3.7342538833618164","6664","6657","6671","3.7481281459331512","3.7425498962402344","3.7520408630371094","6664","6657","6671","3.9214529991149902","3.9138450622558594","3.9301648139953613","6666","6659","6673"
"372","3.7190233639308383","3.7103068828582764","3.7247018814086914","6679","6673","6685","3.72772410937718","3.718688488006592","3.7329506874084473","6679","6673","6685","3.7452900409698486","3.736605167388916","3.751026153564453","6679","6673","6685","3.915329626628331","3.910212993621826","3.9221303462982178","6681","6675","6687"
"373","3.719257175922394","3.7169737815856934","3.7239062786102295","6694","6687","6701","3.7279824912548065","3.724461078643799","3.7323718070983887","6694","6687","6701","3.745871812105179","3.7411916255950928","3.75022029876709","6694","6687","6701","3.915150284767151","3.911217212677002","3.9186065196990967","6696","6689","6703"
"374","3.7222575545310974","3.715731620788574","3.7249584197998047","6710","6703","6717","3.73103791475296","3.7249820232391357","3.734485626220703","6710","6703","6717","3.748921573162079","3.743924140930176","3.7511043548583984","6710","6703","6717","3.9203509390354156","3.917104482650757","3.924750804901123","6712","6705","6719"
"375","3.723172038793564","3.7202978134155273","3.7256457805633545","6787","6780","6794","3.7313051521778107","3.727295398712158","3.7335193157196045","6787","6780","6794","3.749913215637207","3.7460713386535645","3.7526161670684814","6787","6780","6794","3.92107954621315","3.919149875640869","3.9223639965057373","6789","6782","6796"
"376","3.7191173136234283","3.7152445316314697","3.7254092693328857","6803","6796","6810","3.7281962633132935","3.7244417667388916","3.735659599304199","6803","6796","6810","3.745528131723404","3.742067813873291","3.752108335494995","6803","6796","6810","3.9170110523700714","3.912787914276123","3.9264769554138184","6805","6798","6812"
"377","3.7221380983080183","3.7180771827697754","3.7276227474212646","6818","6812","6824","3.7302630628858293","3.7246923446655273","3.7360854148864746","6818","6812","6824","3.7479439803532193","3.7420458793640137","3.7532167434692383","6818","6812","6824","3.9182935782841275","3.9113967418670654","3.9291422367095947","6820","6814","6826"
"378","3.721177041530609","3.7151503562927246","3.724794864654541","6833","6826","6840","3.7300300896167755","3.7242684364318848","3.7328262329101562","6833","6826","6840","3.7482316195964813","3.7410831451416016","3.7514779567718506","6833","6826","6840","3.9157811403274536","3.902618646621704","3.920353412628174","6835","6828","6842"
"379","3.719892293214798","3.715752601623535","3.731259346008301","6849","6842","6856","3.7287628650665283","3.7248523235321045","3.739722728729248","6849","6842","6856","3.7466424107551575","3.742924928665161","3.7573633193969727","6849","6842","6856","3.912649780511856","3.9040143489837646","3.925513744354248","6851","6844","6858"
"380","3.720744550228119","3.714601755142212","3.724048614501953","6865","6858","6872","3.7298602759838104","3.7240359783172607","3.7331416606903076","6865","6858","6872","3.7475646138191223","3.741743326187134","3.750871181488037","6865","6858","6872","3.9128279089927673","3.909010887145996","3.916334390640259","6867","6860","6874"
"381","3.7224961519241333","3.7155656814575195","3.7281696796417236","6881","6874","6888","3.73120453953743","3.7242164611816406","3.736116647720337","6881","6874","6888","3.74895977973938","3.741469383239746","3.754131317138672","6881","6874","6888","3.9160218238830566","3.909381628036499","3.923367500305176","6883","6876","6890"
"382","3.720277428627014","3.7168326377868652","3.725431442260742","6897","6890","6904","3.7290667295455933","3.7245030403137207","3.7375571727752686","6897","6890","6904","3.746928781270981","3.741199254989624","3.7562103271484375","6897","6890","6904","3.909733235836029","3.9008054733276367","3.919847011566162","6899","6892","6906"
"383","3.7196081025259837","3.713068723678589","3.727278709411621","6912","6906","6918","3.728587661470686","3.7231240272521973","3.736499309539795","6912","6906","6918","3.746669054031372","3.742729663848877","3.7526392936706543","6912","6906","6918","3.9094622475760326","3.8999810218811035","3.917151927947998","6914","6908","6920"
"384","3.7193638384342194","3.712278127670288","3.7223215103149414","6927","6920","6934","3.72850102186203","3.7221174240112305","3.731346607208252","6927","6920","6934","3.7462532818317413","3.739379644393921","3.7489776611328125","6927","6920","6934","3.9098700284957886","3.9023823738098145","3.915576219558716","6929","6922","6936"
"385","3.7214437127113342","3.719228744506836","3.7236664295196533","6943","6936","6950","3.729766070842743","3.727447032928467","3.7357778549194336","6943","6936","6950","3.7473904490470886","3.744638442993164","3.750837564468384","6943","6936","6950","3.9078571796417236","3.9045114517211914","3.9109692573547363","6945","6938","6952"
"386","3.719446122646332","3.716305732727051","3.7228338718414307","6959","6952","6966","3.7281091809272766","3.7261288166046143","3.7304282188415527","6959","6952","6966","3.745567172765732","3.741729736328125","3.7489476203918457","6959","6952","6966","3.907672166824341","3.897824287414551","3.9121055603027344","6961","6954","6968"
"387","3.7207117080688477","3.7156341075897217","3.725399971008301","6975","6968","6982","3.7293072640895844","3.7240419387817383","3.7332963943481445","6975","6968","6982","3.7468143105506897","3.741504192352295","3.750606060028076","6975","6968","6982","3.908604919910431","3.899716854095459","3.916778087615967","6977","6970","6984"
"388","3.719245195388794","3.7147274017333984","3.7244205474853516","6990","6984","6996","3.728013447352818","3.7234854698181152","3.734066963195801","6990","6984","6996","3.745871032987322","3.7402536869049072","3.7524495124816895","6990","6984","6996","3.9070426736559187","3.904313802719116","3.9100489616394043","6992","6986","6998"
"389","3.719998210668564","3.717442512512207","3.7228903770446777","7005","6998","7012","3.7286382615566254","3.726696491241455","3.7303175926208496","7005","6998","7012","3.7461997270584106","3.7437915802001953","3.749197244644165","7005","6998","7012","3.90540412068367","3.9002578258514404","3.910637378692627","7007","7000","7014"
"390","3.7196719348430634","3.7153573036193848","3.7240147590637207","7021","7014","7028","3.728228658437729","3.7241463661193848","3.7337100505828857","7021","7014","7028","3.7457460165023804","3.740375518798828","3.7511258125305176","7021","7014","7028","3.9063867032527924","3.9006495475769043","3.913892984390259","7023","7016","7030"
"391","3.7188393771648407","3.713592767715454","3.7251157760620117","7037","7030","7044","3.7274267375469208","3.7210354804992676","3.7342331409454346","7037","7030","7044","3.7452149987220764","3.739854335784912","3.7528557777404785","7037","7030","7044","3.905194193124771","3.8966846466064453","3.9161322116851807","7039","7032","7046"
"392","3.7203566431999207","3.7175211906433105","3.724630832672119","7053","7046","7060","3.7287266552448273","3.7246270179748535","3.732173204421997","7053","7046","7060","3.746509850025177","3.7428433895111084","3.7516610622406006","7053","7046","7060","3.9033938348293304","3.896047353744507","3.91066837310791","7055","7048","7062"
"393","3.718877822160721","3.7166695594787598","3.7221713066101074","7069","7062","7076","3.7274319529533386","3.7241992950439453","3.7306971549987793","7069","7062","7076","3.7452492117881775","3.742438793182373","3.748460531234741","7069","7062","7076","3.9040537774562836","3.8972513675689697","3.9087986946105957","7071","7064","7078"
"394","3.7212981837136403","3.7179620265960693","3.7250077724456787","7084","7078","7090","3.729530300412859","3.725882053375244","3.734670639038086","7084","7078","7090","3.7469047818865096","3.7443971633911133","3.751399278640747","7084","7078","7090","3.9034571988242015","3.898117780685425","3.912957191467285","7086","7080","7092"
"395","3.719958156347275","3.717440366744995","3.722348213195801","7099","7092","7106","3.728933870792389","3.7269058227539062","3.7314493656158447","7099","7092","7106","3.745757758617401","3.7444560527801514","3.7477283477783203","7099","7092","7106","3.9051803946495056","3.900444269180298","3.910580635070801","7101","7094","7108"
"396","3.719080150127411","3.713554859161377","3.724538803100586","7115","7108","7122","3.7282010912895203","3.7239274978637695","3.7325186729431152","7115","7108","7122","3.7452563643455505","3.7400219440460205","3.7506206035614014","7115","7108","7122","3.902476489543915","3.8942885398864746","3.9123358726501465","7117","7110","7124"
"397","3.7194073498249054","3.7144598960876465","3.725273370742798","7131","7124","7138","3.7282617688179016","3.723881244659424","3.7340307235717773","7131","7124","7138","3.7459787726402283","3.7411022186279297","3.752164363861084","7131","7124","7138","3.901575744152069","3.8926382064819336","3.9079270362854004","7133","7126","7140"
"398","3.718851864337921","3.7122344970703125","3.7283473014831543","7147","7140","7154","3.727844536304474","3.720777988433838","3.735853910446167","7147","7140","7154","3.7451394498348236","3.73751163482666","3.7549586296081543","7147","7140","7154","3.9023233354091644","3.893465518951416","3.911101818084717","7149","7142","7156"
"399","3.7196927070617676","3.7146687507629395","3.72724986076355","7163","7156","7170","3.7276402711868286","3.7240731716156006","3.735945701599121","7163","7156","7170","3.7461541295051575","3.7420148849487305","3.7532129287719727","7163","7156","7170","3.9016716182231903","3.895315170288086","3.912050724029541","7165","7158","7172"
"400","3.7215025084359303","3.7168760299682617","3.7247695922851562","7239","7233","7245","3.729868241718837","3.725673198699951","3.733323097229004","7239","7233","7245","3.747713395527431","3.743239402770996","3.7512948513031006","7239","7233","7245","3.903230292456491","3.895076274871826","3.9084413051605225","7241","7235","7247"
"401","3.7191557586193085","3.7163772583007812","3.7259697914123535","7254","7247","7261","3.727803885936737","3.724065065383911","3.735430955886841","7254","7247","7261","3.7451878786087036","3.74031925201416","3.751774311065674","7254","7247","7261","3.8991281390190125","3.8893637657165527","3.910571336746216","7256","7249","7263"
"402","3.7193916738033295","3.7123301029205322","3.7232682704925537","7270","7263","7277","3.728024512529373","3.722012519836426","3.7309930324554443","7270","7263","7277","3.745007425546646","3.7376186847686768","3.748640298843384","7270","7263","7277","3.9009610414505005","3.8926985263824463","3.907055139541626","7272","7265","7279"
"403","3.7186194956302643","3.7119531631469727","3.7259957790374756","7286","7279","7293","3.7273599803447723","3.719935417175293","3.734307289123535","7286","7279","7293","3.744401603937149","3.7370076179504395","3.7497355937957764","7286","7279","7293","3.899568051099777","3.8903818130493164","3.9056897163391113","7288","7281","7295"
"404","3.7184859216213226","3.7149715423583984","3.721768856048584","7302","7295","7309","3.727103739976883","3.722991943359375","3.730332374572754","7302","7295","7309","3.745162159204483","3.740694999694824","3.7499806880950928","7302","7295","7309","3.8989787101745605","3.891906261444092","3.9045965671539307","7304","7297","7311"
"405","3.720555748258318","3.7175402641296387","3.725412368774414","7317","7311","7323","3.7288501603262767","3.7263541221618652","3.732909679412842","7317","7311","7323","3.745919704437256","3.742497205734253","3.7502546310424805","7317","7311","7323","3.8997733933585033","3.897026538848877","3.9039297103881836","7319","7313","7325"
"406","3.7200597524642944","3.713625907897949","3.72464656829834","7332","7325","7339","3.7283097207546234","3.7228636741638184","3.7329602241516113","7332","7325","7339","3.7456443309783936","3.739161968231201","3.7509846687316895","7332","7325","7339","3.8975601196289062","3.88713002204895","3.901932716369629","7334","7327","7341"
"407","3.7213186025619507","3.7175378799438477","3.729975700378418","7348","7341","7355","3.730465590953827","3.725374937057495","3.7393441200256348","7348","7341","7355","3.747932404279709","3.7440128326416016","3.757233142852783","7348","7341","7355","3.8986827433109283","3.8918235301971436","3.9106812477111816","7350","7343","7357"
"408","3.7191688120365143","3.7161941528320312","3.723309278488159","7364","7357","7371","3.7283645570278168","3.7256462574005127","3.7324557304382324","7364","7357","7371","3.745757073163986","3.743300437927246","3.750492811203003","7364","7357","7371","3.8970292508602142","3.892716407775879","3.9009504318237305","7366","7359","7373"
"409","3.7169083654880524","3.7143301963806152","3.7221245765686035","7380","7373","7387","3.726103574037552","3.7232792377471924","3.7310473918914795","7380","7373","7387","3.743059068918228","3.7399914264678955","3.748216152191162","7380","7373","7387","3.8945551216602325","3.8902134895324707","3.9008920192718506","7382","7375","7389"
"410","3.717353880405426","3.7081313133239746","3.7242960929870605","7396","7389","7403","3.7262503504753113","3.7173469066619873","3.733776569366455","7396","7389","7403","3.7434646487236023","3.734818696975708","3.7522687911987305","7396","7389","7403","3.893705666065216","3.883070945739746","3.9043781757354736","7398","7391","7405"
"411","3.7169275283813477","3.7117154598236084","3.7200918197631836","7411","7405","7417","3.7258027621677945","3.7191615104675293","3.729630470275879","7411","7405","7417","3.7434257098606656","3.737123489379883","3.7478442192077637","7411","7405","7417","3.8937285287039622","3.88631010055542","3.899796962738037","7413","7407","7419"
"412","3.7179395854473114","3.7111010551452637","3.7248921394348145","7426","7419","7433","3.726781815290451","3.719867706298828","3.7333827018737793","7426","7419","7433","3.7441971600055695","3.7362565994262695","3.7526330947875977","7426","7419","7433","3.8938207626342773","3.8849682807922363","3.9075796604156494","7428","7421","7435"
"413","3.719232738018036","3.714510440826416","3.7264084815979004","7442","7435","7449","3.7274821996688843","3.722334861755371","3.735011577606201","7442","7435","7449","3.745648980140686","3.7406439781188965","3.75260853767395","7442","7435","7449","3.8979287147521973","3.8897767066955566","3.9043328762054443","7444","7437","7451"
"414","3.7191355228424072","3.7142438888549805","3.7227745056152344","7458","7451","7465","3.7278127670288086","3.7232377529144287","3.7320339679718018","7458","7451","7465","3.744956284761429","3.739144802093506","3.7496211528778076","7458","7451","7465","3.8950350880622864","3.8909549713134766","3.9010486602783203","7460","7453","7467"
"415","3.7184164822101593","3.712614059448242","3.7230958938598633","7474","7467","7481","3.727182239294052","3.720700263977051","3.730544090270996","7474","7467","7481","3.7445197999477386","3.7365126609802246","3.750119209289551","7474","7467","7481","3.89352610707283","3.886338233947754","3.9000515937805176","7476","7469","7483"
"416","3.717022316796439","3.7101006507873535","3.723567247390747","7489","7483","7495","3.7257459504263744","3.718782901763916","3.7323179244995117","7489","7483","7495","3.743561165673392","3.7382020950317383","3.749950408935547","7489","7483","7495","3.8929105486188615","3.885382652282715","3.9012703895568848","7491","7485","7497"
"417","3.7171140015125275","3.7060136795043945","3.7287375926971436","7504","7497","7511","3.7255231738090515","3.714268207550049","3.7367911338806152","7504","7497","7511","3.7436453104019165","3.732846975326538","3.754817485809326","7504","7497","7511","3.8942611813545227","3.8842709064483643","3.9088778495788574","7506","7499","7513"
"418","3.718681901693344","3.7148020267486572","3.7271032333374023","7520","7513","7527","3.7276740968227386","3.723884344100952","3.735612630844116","7520","7513","7527","3.7447523176670074","3.7405917644500732","3.7520077228546143","7520","7513","7527","3.8932872116565704","3.8881397247314453","3.8956375122070312","7522","7515","7529"
"419","3.7174673974514008","3.712441921234131","3.722262144088745","7536","7529","7543","3.7265941202640533","3.7222955226898193","3.7293248176574707","7536","7529","7543","3.7437952160835266","3.7401795387268066","3.7479307651519775","7536","7529","7543","3.891894817352295","3.88986873626709","3.896839141845703","7538","7531","7545"
"420","3.718098908662796","3.71408748626709","3.721406936645508","7552","7545","7559","3.727354735136032","3.7232589721679688","3.730435371398926","7552","7545","7559","3.74412602186203","3.740659236907959","3.7477169036865234","7552","7545","7559","3.8926801681518555","3.887035369873047","3.896851062774658","7554","7547","7561"
"421","3.7188662588596344","3.714486598968506","3.7219295501708984","7568","7561","7575","3.7280261516571045","3.721553325653076","3.7314960956573486","7568","7561","7575","3.7456459999084473","3.7394609451293945","3.748863458633423","7568","7561","7575","3.8926436007022858","3.883975028991699","3.899972915649414","7570","7563","7577"
"422","3.7194911411830356","3.7128734588623047","3.7242624759674072","7583","7577","7589","3.7282115391322543","3.7221691608428955","3.734236717224121","7583","7577","7589","3.7450681754520962","3.7388617992401123","3.7506957054138184","7583","7577","7589","3.8933397361210416","3.8858089447021484","3.902672290802002","7585","7579","7591"
"423","3.716840624809265","3.7120494842529297","3.7206006050109863","7598","7591","7605","3.7256543934345245","3.721710443496704","3.729219913482666","7598","7591","7605","3.7429210245609283","3.7387146949768066","3.7455549240112305","7598","7591","7605","3.8906898200511932","3.883770704269409","3.8982129096984863","7600","7593","7607"
"424","3.7207583487033844","3.71730899810791","3.7259039878845215","7614","7607","7621","3.7290438413619995","3.7248566150665283","3.73398494720459","7614","7607","7621","3.746890127658844","3.741697311401367","3.7503867149353027","7614","7607","7621","3.8935650289058685","3.88864803314209","3.8987667560577393","7616","7609","7623"
"425","3.718222588300705","3.7141335010528564","3.727395534515381","7691","7684","7698","3.726840615272522","3.7230019569396973","3.735621690750122","7691","7684","7698","3.7439470887184143","3.7389326095581055","3.7542667388916016","7691","7684","7698","3.8897917568683624","3.880737066268921","3.905895471572876","7693","7686","7700"
"426","3.718220502138138","3.7140893936157227","3.7224841117858887","7707","7700","7714","3.72659370303154","3.721505641937256","3.729782819747925","7707","7700","7714","3.743976414203644","3.7395310401916504","3.747300148010254","7707","7700","7714","3.8885300159454346","3.8841798305511475","3.89656400680542","7709","7702","7716"
"427","3.717433043888637","3.71307110786438","3.722161293029785","7722","7716","7728","3.7262255804879323","3.722261905670166","3.7311010360717773","7722","7716","7728","3.7437189647129605","3.7402939796447754","3.74977707862854","7722","7716","7728","3.8884098870413646","3.8821969032287598","3.897761821746826","7724","7718","7730"
"428","3.7186288833618164","3.712390899658203","3.72347354888916","7737","7730","7744","3.7270222902297974","3.7199041843414307","3.730773448944092","7737","7730","7744","3.7446915209293365","3.737712860107422","3.7495734691619873","7737","7730","7744","3.8901702761650085","3.8833770751953125","3.8985960483551025","7739","7732","7746"
"429","3.7188402712345123","3.7159786224365234","3.722403049468994","7753","7746","7760","3.7274693846702576","3.7242817878723145","3.730405330657959","7753","7746","7760","3.744424521923065","3.7397944927215576","3.747028112411499","7753","7746","7760","3.888842612504959","3.8853225708007812","3.894702434539795","7755","7748","7762"
"430","3.7168287336826324","3.7121975421905518","3.720733404159546","7769","7762","7776","3.7259048521518707","3.7211153507232666","3.730541229248047","7769","7762","7776","3.742745280265808","3.738584041595459","3.7476375102996826","7769","7762","7776","3.887227714061737","3.8814632892608643","3.8928544521331787","7771","7764","7778"
"431","3.715043365955353","3.7118284702301025","3.721407175064087","7785","7778","7792","3.7238797545433044","3.720336437225342","3.7308287620544434","7785","7778","7792","3.741028904914856","3.7372748851776123","3.747847080230713","7785","7778","7792","3.8847359120845795","3.8818931579589844","3.8902816772460938","7787","7780","7794"
"432","3.7163678109645844","3.712088108062744","3.720257520675659","7801","7794","7808","3.725164383649826","3.7187256813049316","3.7284445762634277","7801","7794","7808","3.7420233488082886","3.7373266220092773","3.7462806701660156","7801","7794","7808","3.8843857049942017","3.878810405731201","3.890604019165039","7803","7796","7810"
"433","3.7161103316715787","3.7111849784851074","3.7212491035461426","7816","7810","7822","3.7251365525381908","3.720994472503662","3.730405330657959","7816","7810","7822","3.7423952988215854","3.7377991676330566","3.7486672401428223","7816","7810","7822","3.8852321079799106","3.8807408809661865","3.8951358795166016","7818","7812","7824"
"434","3.717527151107788","3.7123050689697266","3.722931385040283","7831","7824","7838","3.7264785766601562","3.720620632171631","3.7326064109802246","7831","7824","7838","3.7434997856616974","3.7375214099884033","3.7495265007019043","7831","7824","7838","3.886811375617981","3.879225730895996","3.892697811126709","7833","7826","7840"
"435","3.716803878545761","3.7128772735595703","3.719921588897705","7847","7840","7854","3.7259824872016907","3.722564220428467","3.728379011154175","7847","7840","7854","3.7430108785629272","3.739964485168457","3.7454872131347656","7847","7840","7854","3.885070890188217","3.8805675506591797","3.8880231380462646","7849","7842","7856"
"436","3.7163806557655334","3.7128214836120605","3.7206525802612305","7863","7856","7870","3.725302040576935","3.7220120429992676","3.728893756866455","7863","7856","7870","3.741365760564804","3.738426685333252","3.745511770248413","7863","7856","7870","3.884805679321289","3.8800835609436035","3.8915481567382812","7865","7858","7872"
"437","3.717078596353531","3.7145326137542725","3.722796678543091","7879","7872","7886","3.725705087184906","3.7227590084075928","3.731337547302246","7879","7872","7886","3.7428294718265533","3.7406976222991943","3.748389720916748","7879","7872","7886","3.8845976889133453","3.880385398864746","3.888977527618408","7881","7874","7888"
"438","3.7203722340720042","3.717428684234619","3.7241029739379883","7894","7888","7900","3.7289233207702637","3.725983142852783","3.731471061706543","7894","7888","7900","3.7466945307595387","3.743960380554199","3.7496514320373535","7894","7888","7900","3.8908911432538713","3.888305187225342","3.8995141983032227","7896","7890","7902"
"439","3.7147428393363953","3.7058932781219482","3.723212480545044","7909","7902","7916","3.7237423062324524","3.7168118953704834","3.732067823410034","7909","7902","7916","3.740518867969513","3.734591007232666","3.748868465423584","7909","7902","7916","3.8821994066238403","3.87441349029541","3.888123035430908","7911","7904","7918"
"440","3.7169477343559265","3.7109622955322266","3.7216134071350098","7925","7918","7932","3.7267431914806366","3.720752477645874","3.73295521736145","7925","7918","7932","3.7429915070533752","3.7379119396209717","3.747797966003418","7925","7918","7932","3.8851453363895416","3.8799939155578613","3.889815092086792","7927","7920","7934"
"441","3.717281073331833","3.711796283721924","3.7221133708953857","7941","7934","7948","3.726361244916916","3.7199788093566895","3.7295775413513184","7941","7934","7948","3.74274605512619","3.736345052719116","3.746978521347046","7941","7934","7948","3.8832471072673798","3.876523494720459","3.8876421451568604","7943","7936","7950"
"442","3.716481029987335","3.713761806488037","3.7218475341796875","7957","7950","7964","3.7248928546905518","3.721095085144043","3.730645179748535","7957","7950","7964","3.7415577173233032","3.738217830657959","3.7476296424865723","7957","7950","7964","3.8801676630973816","3.8696210384368896","3.8876919746398926","7959","7952","7966"
"443","3.7167448699474335","3.7098355293273926","3.72115421295166","7973","7966","7980","3.725844591856003","3.719120979309082","3.731908082962036","7973","7966","7980","3.7423788607120514","3.7371139526367188","3.7479114532470703","7973","7966","7980","3.883371651172638","3.875671863555908","3.8907341957092285","7975","7968","7982"
"444","3.715776171003069","3.710336685180664","3.7195346355438232","7988","7982","7994","3.7241949353899275","3.7193856239318848","3.7290492057800293","7988","7982","7994","3.7409630843571255","3.737905979156494","3.745396614074707","7988","7982","7994","3.8818163531167165","3.8755874633789062","3.8881711959838867","7990","7984","7996"
"445","3.7180310487747192","3.7115590572357178","3.7264225482940674","8003","7996","8010","3.7269703447818756","3.7201359272003174","3.7343645095825195","8003","7996","8010","3.743591457605362","3.7385382652282715","3.7511441707611084","8003","7996","8010","3.8843100666999817","3.876622200012207","3.8896641731262207","8005","7998","8012"
"446","3.7170667350292206","3.714085102081299","3.724025249481201","8019","8012","8026","3.7254655361175537","3.721726894378662","3.731854200363159","8019","8012","8026","3.7426144778728485","3.7366440296173096","3.7477049827575684","8019","8012","8026","3.8840725421905518","3.8764731884002686","3.8892455101013184","8021","8014","8028"
"447","3.716526687145233","3.710336923599243","3.721388339996338","8035","8028","8042","3.725584238767624","3.7209935188293457","3.7296500205993652","8035","8028","8042","3.7425199151039124","3.7364883422851562","3.749509334564209","8035","8028","8042","3.8809853196144104","3.8703625202178955","3.8881404399871826","8037","8030","8044"
"448","3.7180346846580505","3.7124414443969727","3.7257308959960938","8051","8044","8058","3.7271570563316345","3.721116065979004","3.734794855117798","8051","8044","8058","3.744057387113571","3.7394657135009766","3.75058650970459","8051","8044","8058","3.88270303606987","3.8763961791992188","3.889157772064209","8053","8046","8060"
"449","3.7160888016223907","3.711939811706543","3.723240375518799","8067","8060","8074","3.7251245975494385","3.720074415206909","3.733375072479248","8067","8060","8074","3.742463529109955","3.7374114990234375","3.7498574256896973","8067","8060","8074","3.881811201572418","3.877156972885132","3.8873443603515625","8069","8062","8076"
"450","3.716062068939209","3.7126407623291016","3.7205655574798584","8143","8137","8149","3.725381442478725","3.7235805988311768","3.7298898696899414","8143","8137","8149","3.7414539200919017","3.737926959991455","3.745135545730591","8143","8137","8149","3.880432094846453","3.874887704849243","3.8854241371154785","8145","8139","8151"
"451","3.7150869369506836","3.710216522216797","3.723639488220215","8158","8151","8165","3.7243261337280273","3.72025465965271","3.7332441806793213","8158","8151","8165","3.740926504135132","3.736362934112549","3.75062894821167","8158","8151","8165","3.8806703090667725","3.8721389770507812","3.891669273376465","8160","8153","8167"
"452","3.718117833137512","3.7130861282348633","3.7220261096954346","8174","8167","8181","3.7270992398262024","3.7228779792785645","3.731783390045166","8174","8167","8181","3.7442555725574493","3.739516258239746","3.749188184738159","8174","8167","8181","3.8838017284870148","3.8762125968933105","3.8873891830444336","8176","8169","8183"
"453","3.7159557044506073","3.7063241004943848","3.722954273223877","8190","8183","8197","3.725011497735977","3.715898036956787","3.7320594787597656","8190","8183","8197","3.742615520954132","3.7317750453948975","3.750457286834717","8190","8183","8197","3.8830877542495728","3.8704888820648193","3.894094944000244","8192","8185","8199"
"454","3.7185387313365936","3.713176727294922","3.7227654457092285","8206","8199","8213","3.7278659343719482","3.722468614578247","3.732072353363037","8206","8199","8213","3.744817793369293","3.738839626312256","3.7488460540771484","8206","8199","8213","3.8828031420707703","3.8751420974731445","3.8865292072296143","8208","8201","8215"
"455","3.716989278793335","3.713773250579834","3.7203404903411865","8221","8215","8227","3.725982529776437","3.723324775695801","3.7291500568389893","8221","8215","8227","3.7421793256487166","3.7380943298339844","3.746427059173584","8221","8215","8227","3.8797362531934465","3.873133659362793","3.8868448734283447","8223","8217","8229"
"456","3.7169466614723206","3.712430000305176","3.721536636352539","8236","8229","8243","3.726161777973175","3.7213122844696045","3.731095552444458","8236","8229","8243","3.7431339621543884","3.7381081581115723","3.7495357990264893","8236","8229","8243","3.8788507878780365","3.8745086193084717","3.883899450302124","8238","8231","8245"
"457","3.7176468670368195","3.712477922439575","3.7221732139587402","8252","8245","8259","3.726364642381668","3.7202820777893066","3.7320175170898438","8252","8245","8259","3.7427150905132294","3.736366033554077","3.7484729290008545","8252","8245","8259","3.883091479539871","3.8763623237609863","3.889246940612793","8254","8247","8261"
"458","3.714983195066452","3.712585926055908","3.717705726623535","8268","8261","8275","3.724084198474884","3.722994804382324","3.727245330810547","8268","8261","8275","3.740424871444702","3.737935781478882","3.7443888187408447","8268","8261","8275","3.87917298078537","3.8748321533203125","3.882962703704834","8270","8263","8277"
"459","3.7145341634750366","3.712228775024414","3.718519687652588","8284","8277","8291","3.7237631380558014","3.722001075744629","3.726757526397705","8284","8277","8291","3.7401227355003357","3.7372066974639893","3.743988275527954","8284","8277","8291","3.8774642646312714","3.8704237937927246","3.8850598335266113","8286","8279","8293"
"460","3.7146125435829163","3.710926055908203","3.7185025215148926","8300","8293","8307","3.723807454109192","3.7212061882019043","3.7272238731384277","8300","8293","8307","3.7403464913368225","3.735832691192627","3.7440378665924072","8300","8293","8307","3.876259595155716","3.8724048137664795","3.8810362815856934","8302","8295","8309"
"461","3.715876374925886","3.709578514099121","3.7208445072174072","8315","8309","8321","3.7246066502162387","3.7178683280944824","3.7292919158935547","8315","8309","8321","3.7411722115107944","3.7339842319488525","3.745387077331543","8315","8309","8321","3.876591886792864","3.872525453567505","3.879920482635498","8317","8311","8323"
"462","3.7152900397777557","3.707845687866211","3.7207303047180176","8330","8323","8337","3.7250459790229797","3.7174477577209473","3.730109930038452","8330","8323","8337","3.7414587438106537","3.7353458404541016","3.745880603790283","8330","8323","8337","3.877731680870056","3.871901750564575","3.8844313621520996","8332","8325","8339"
"463","3.715047389268875","3.7116165161132812","3.719369411468506","8346","8339","8353","3.72441229224205","3.7213220596313477","3.728992223739624","8346","8339","8353","3.7413477897644043","3.7379965782165527","3.7459912300109863","8346","8339","8353","3.8776291012763977","3.8702430725097656","3.884500026702881","8348","8341","8355"
"464","3.7175481617450714","3.7124979496002197","3.7223010063171387","8362","8355","8369","3.7264344394207","3.721102476119995","3.7302615642547607","8362","8355","8369","3.7431688010692596","3.737212657928467","3.7483620643615723","8362","8355","8369","3.878249704837799","3.874581813812256","3.8848838806152344","8364","8357","8371"
"465","3.715877503156662","3.7066874504089355","3.7227723598480225","8378","8371","8385","3.724431961774826","3.716102123260498","3.7299370765686035","8378","8371","8385","3.74100324511528","3.7326879501342773","3.748063087463379","8378","8371","8385","3.876340299844742","3.8685646057128906","3.8818893432617188","8380","8373","8387"
"466","3.716585670198713","3.713675022125244","3.7226781845092773","8393","8387","8399","3.7256712913513184","3.7228879928588867","3.7321672439575195","8393","8387","8399","3.7426274163382396","3.738832473754883","3.7500314712524414","8393","8387","8399","3.8782417433602467","3.8733880519866943","3.8883397579193115","8395","8389","8401"
"467","3.7175723016262054","3.713590383529663","3.7240447998046875","8408","8401","8415","3.726443290710449","3.7222933769226074","3.7329182624816895","8408","8401","8415","3.7433681786060333","3.7405893802642822","3.7514848709106445","8408","8401","8415","3.878444015979767","3.873755931854248","3.8824996948242188","8410","8403","8417"
"468","3.7167938351631165","3.711637020111084","3.7217729091644287","8424","8417","8431","3.7261173129081726","3.7213878631591797","3.732572078704834","8424","8417","8431","3.743018686771393","3.7368507385253906","3.7469444274902344","8424","8417","8431","3.8798072934150696","3.8668370246887207","3.885057210922241","8426","8419","8433"
"469","3.7149831354618073","3.7080304622650146","3.7198245525360107","8440","8433","8447","3.7241010069847107","3.716763973236084","3.729470729827881","8440","8433","8447","3.7408806681632996","3.7333598136901855","3.7468619346618652","8440","8433","8447","3.875078320503235","3.8690624237060547","3.8834738731384277","8442","8435","8449"
"470","3.715973138809204","3.7100179195404053","3.7197089195251465","8456","8449","8463","3.7257674038410187","3.7218000888824463","3.7283129692077637","8456","8449","8463","3.742485284805298","3.735745429992676","3.7463505268096924","8456","8449","8463","3.876598834991455","3.86879825592041","3.8824095726013184","8458","8451","8465"
"471","3.7167199552059174","3.7101635932922363","3.7195966243743896","8472","8465","8479","3.7257311940193176","3.718780517578125","3.729893207550049","8472","8465","8479","3.7427264153957367","3.7360787391662598","3.745206832885742","8472","8465","8479","3.874573200941086","3.8631863594055176","3.87797212600708","8474","8467","8481"
"472","3.7165523256574358","3.7129833698272705","3.7221837043762207","8487","8481","8493","3.7259297711508617","3.722909927368164","3.7316174507141113","8487","8481","8493","3.7431122916085378","3.740029811859131","3.749161958694458","8487","8481","8493","3.8765761511666432","3.87396502494812","3.8815197944641113","8489","8483","8495"
"473","3.716046690940857","3.712934970855713","3.720823287963867","8502","8495","8509","3.7255923748016357","3.7221903800964355","3.7290072441101074","8502","8495","8509","3.742273896932602","3.737819194793701","3.7461295127868652","8502","8495","8509","3.875357687473297","3.8691835403442383","3.880923271179199","8504","8497","8511"
"474","3.716189980506897","3.7113728523254395","3.719968318939209","8518","8511","8525","3.725845545530319","3.7209863662719727","3.7294280529022217","8518","8511","8525","3.7424170076847076","3.7374579906463623","3.7464351654052734","8518","8511","8525","3.8768095076084137","3.868925094604492","3.8863449096679688","8520","8513","8527"
"475","3.7156401574611664","3.7109262943267822","3.7230215072631836","8595","8588","8602","3.7242665588855743","3.7199511528015137","3.732245445251465","8595","8588","8602","3.7405508160591125","3.7362008094787598","3.746821880340576","8595","8588","8602","3.8733574748039246","3.8679635524749756","3.8822402954101562","8597","8590","8604"
"476","3.7134857177734375","3.707101821899414","3.7210941314697266","8611","8604","8618","3.7224674224853516","3.715284585952759","3.7301547527313232","8611","8604","8618","3.7385944426059723","3.730837106704712","3.745192527770996","8611","8604","8618","3.8716211318969727","3.866593837738037","3.8770053386688232","8613","8606","8620"
"477","3.716432980128697","3.7128419876098633","3.720200538635254","8626","8620","8632","3.725196123123169","3.721848964691162","3.729933738708496","8626","8620","8632","3.740873779569353","3.7370729446411133","3.7443675994873047","8626","8620","8632","3.8745628084455217","3.87150239944458","3.8802671432495117","8628","8622","8634"
"478","3.7160321176052094","3.7080626487731934","3.7251200675964355","8641","8634","8648","3.724946677684784","3.71701717376709","3.734807014465332","8641","8634","8648","3.7417589724063873","3.732649326324463","3.751802921295166","8641","8634","8648","3.875655770301819","3.8678011894226074","3.8880205154418945","8643","8636","8650"
"479","3.7150851786136627","3.7110061645507812","3.721592664718628","8657","8650","8664","3.7241037786006927","3.72064208984375","3.729919910430908","8657","8650","8664","3.740900218486786","3.7365431785583496","3.74709415435791","8657","8650","8664","3.8733151853084564","3.8688101768493652","3.8789663314819336","8659","8652","8666"
"480","3.714425712823868","3.7098846435546875","3.71783185005188","8673","8666","8680","3.7235429286956787","3.7200918197631836","3.726564884185791","8673","8666","8680","3.740446984767914","3.7371835708618164","3.743305206298828","8673","8666","8680","3.8713313341140747","3.8656415939331055","3.8758816719055176","8675","8668","8682"
"481","3.7170344591140747","3.714089870452881","3.7226810455322266","8689","8682","8696","3.726508319377899","3.7226929664611816","3.73201322555542","8689","8682","8696","3.7422814071178436","3.737982749938965","3.7480275630950928","8689","8682","8696","3.874330461025238","3.8678834438323975","3.8807005882263184","8691","8684","8698"
"482","3.717774838209152","3.713794231414795","3.7268800735473633","8705","8698","8712","3.7267364859580994","3.7224576473236084","3.735750675201416","8705","8698","8712","3.7434031665325165","3.739297866821289","3.7521166801452637","8705","8698","8712","3.8764346539974213","3.86850643157959","3.8855390548706055","8707","8700","8714"
"483","3.7182386262076244","3.7101173400878906","3.7229604721069336","8720","8714","8726","3.727710621697562","3.72091007232666","3.7334189414978027","8720","8714","8726","3.7433830329350064","3.7358264923095703","3.7483785152435303","8720","8714","8726","3.875107526779175","3.8692216873168945","3.880803108215332","8722","8716","8728"
"484","3.714556574821472","3.711981773376465","3.7201476097106934","8735","8728","8742","3.7236881256103516","3.720729351043701","3.727436065673828","8735","8728","8742","3.739721119403839","3.73671817779541","3.7430508136749268","8735","8728","8742","3.8718960881233215","3.8690555095672607","3.878755569458008","8737","8730","8744"
"485","3.714325189590454","3.7086706161499023","3.7167227268218994","8751","8744","8758","3.7240754663944244","3.718777656555176","3.726797103881836","8751","8744","8758","3.740080028772354","3.732696533203125","3.7446863651275635","8751","8744","8758","3.8711718916893005","3.8647947311401367","3.8788111209869385","8753","8746","8760"
"486","3.713800936937332","3.709909439086914","3.717599868774414","8767","8760","8774","3.7226814329624176","3.7180495262145996","3.726280927658081","8767","8760","8774","3.7389905154705048","3.7348403930664062","3.743001937866211","8767","8760","8774","3.870475649833679","3.865313768386841","3.874455213546753","8769","8762","8776"
"487","3.7142298221588135","3.7093684673309326","3.719982862472534","8783","8776","8790","3.7240893244743347","3.7177939414978027","3.7304625511169434","8783","8776","8790","3.7406079471111298","3.736201047897339","3.7465085983276367","8783","8776","8790","3.8721641302108765","3.864820718765259","3.8779897689819336","8785","8778","8792"
"488","3.716306175504412","3.711815118789673","3.7202000617980957","8798","8792","8804","3.7252374376569475","3.722111701965332","3.7293648719787598","8798","8792","8804","3.7419798374176025","3.7393810749053955","3.7464799880981445","8798","8792","8804","3.8743341990879605","3.87014102935791","3.878385305404663","8800","8794","8806"
"489","3.7148922979831696","3.710364818572998","3.7220828533172607","8813","8806","8820","3.7244794964790344","3.7208948135375977","3.7319860458374023","8813","8806","8820","3.740507811307907","3.736665964126587","3.747684955596924","8813","8806","8820","3.8724749088287354","3.866713523864746","3.883113145828247","8815","8808","8822"
"490","3.714355081319809","3.7094922065734863","3.7192656993865967","8829","8822","8836","3.7240279614925385","3.7183852195739746","3.729018211364746","8829","8822","8836","3.7401885390281677","3.736011505126953","3.7448503971099854","8829","8822","8836","3.8694490790367126","3.8644797801971436","3.8755202293395996","8831","8824","8838"
"491","3.7145016491413116","3.711106300354004","3.720325231552124","8845","8838","8852","3.723974347114563","3.7207601070404053","3.730457067489624","8845","8838","8852","3.74067160487175","3.7362916469573975","3.748293876647949","8845","8838","8852","3.8713063299655914","3.866455078125","3.8784842491149902","8847","8840","8854"
"492","3.7156282365322113","3.7098388671875","3.7211661338806152","8861","8854","8868","3.725071996450424","3.719160318374634","3.7311196327209473","8861","8854","8868","3.7410543262958527","3.7343482971191406","3.746673107147217","8861","8854","8868","3.870834082365036","3.8625800609588623","3.8788793087005615","8863","8856","8870"
"493","3.7154513597488403","3.708932876586914","3.7230823040008545","8877","8870","8884","3.724819779396057","3.7196905612945557","3.7342543601989746","8877","8870","8884","3.7411979138851166","3.7357378005981445","3.750481128692627","8877","8870","8884","3.8712818324565887","3.863706350326538","3.882963180541992","8879","8872","8886"
"494","3.7149531500680104","3.709881067276001","3.7208242416381836","8892","8886","8898","3.7245836598532542","3.7205405235290527","3.730717182159424","8892","8886","8898","3.740268741335188","3.736241102218628","3.745842456817627","8892","8886","8898","3.8687608582632884","3.862996816635132","3.8764986991882324","8894","8888","8900"
"495","3.713496208190918","3.707127809524536","3.717313528060913","8907","8900","8914","3.7228171825408936","3.7177042961120605","3.7272086143493652","8907","8900","8914","3.739300489425659","3.7330899238586426","3.7448368072509766","8907","8900","8914","3.8682781457901","3.8616461753845215","3.8770294189453125","8909","8902","8916"
"496","3.7127992510795593","3.709834575653076","3.7152976989746094","8923","8916","8930","3.722023516893387","3.718315839767456","3.724339008331299","8923","8916","8930","3.7388879358768463","3.7328481674194336","3.742499351501465","8923","8916","8930","3.8681372702121735","3.8625400066375732","3.871849536895752","8925","8918","8932"
"497","3.7145857512950897","3.711064338684082","3.718496799468994","8939","8932","8946","3.723797619342804","3.719973087310791","3.728459119796753","8939","8932","8946","3.740138679742813","3.7373344898223877","3.7453882694244385","8939","8932","8946","3.8681134581565857","3.865227222442627","3.873938798904419","8941","8934","8948"
"498","3.715443730354309","3.7099204063415527","3.7210440635681152","8955","8948","8962","3.7246890366077423","3.719721555709839","3.7305116653442383","8955","8948","8962","3.7408834099769592","3.735245704650879","3.746854782104492","8955","8948","8962","3.869489908218384","3.863781452178955","3.8742177486419678","8957","8950","8964"
"499","3.712057203054428","3.705267906188965","3.716541290283203","8971","8964","8978","3.7214598953723907","3.716840982437134","3.7251994609832764","8971","8964","8978","3.73734450340271","3.7319319248199463","3.741912364959717","8971","8964","8978","3.8646063804626465","3.861016035079956","3.8707668781280518","8973","8966","8980"
"500","3.7135024070739746","3.7093236446380615","3.7167835235595703","9047","9041","9053","3.7233748776572093","3.719165325164795","3.7261569499969482","9047","9041","9053","3.7399059534072876","3.7328872680664062","3.745858907699585","9468.5","9041","9896","3.869330338069371","3.8668220043182373","3.873126983642578","9049","9043","9055"
"501","3.71426323056221","3.7096128463745117","3.7195968627929688","9062","9055","9069","3.7234708666801453","3.7186756134033203","3.7276229858398438","9062","9055","9069","3.7401476949453354","3.7342522144317627","3.7455615997314453","9483.5","9055","9912","3.8690502643585205","3.8600592613220215","3.8743019104003906","9064","9057","9071"
"502","3.712592840194702","3.7092344760894775","3.7183220386505127","9078","9071","9085","3.722199112176895","3.718717098236084","3.726879596710205","9078","9071","9085","3.738438665866852","3.734041213989258","3.742733955383301","9499.5","9071","9928","3.8657279312610626","3.860597848892212","3.8707616329193115","9080","9073","9087"
"503","3.715864807367325","3.714277982711792","3.7182414531707764","9094","9087","9101","3.7250002920627594","3.7232413291931152","3.7267022132873535","9094","9087","9101","3.741399809718132","3.738668918609619","3.7447121143341064","9515.5","9087","9944","3.868682473897934","3.8648362159729004","3.873931884765625","9096","9089","9103"
"504","3.715148776769638","3.7097630500793457","3.719043731689453","9110","9103","9117","3.7245594263076782","3.7201313972473145","3.72810435295105","9110","9103","9117","3.740798145532608","3.7348930835723877","3.7472822666168213","9531.5","9103","9960","3.8684067726135254","3.8650026321411133","3.8759310245513916","9112","9105","9119"
"505","3.7129803044455394","3.708982229232788","3.7171387672424316","9125","9119","9131","3.721818208694458","3.717848777770996","3.7278990745544434","9125","9119","9131","3.737966537475586","3.733949661254883","3.743335247039795","9546.5","9119","9974","3.8638246059417725","3.8599157333374023","3.8707993030548096","9127","9121","9133"
"506","3.715212732553482","3.7113037109375","3.7210137844085693","9140","9133","9147","3.7247068881988525","3.720400333404541","3.7315480709075928","9140","9133","9147","3.7409471571445465","3.7365329265594482","3.7491729259490967","9561.5","9133","9990","3.8685774207115173","3.863407850265503","3.8762972354888916","9142","9135","9149"
"507","3.712998628616333","3.7084970474243164","3.721107006072998","9156","9149","9163","3.7226461470127106","3.7181153297424316","3.733391761779785","9156","9149","9163","3.7388789504766464","3.7356739044189453","3.74822998046875","9577.5","9149","10006","3.8668418526649475","3.858806610107422","3.8749685287475586","9158","9151","9165"
"508","3.712152749300003","3.7077975273132324","3.7200937271118164","9172","9165","9179","3.7223190367221832","3.718198537826538","3.72941255569458","9172","9165","9179","3.738298088312149","3.733935832977295","3.7463297843933105","9593.5","9165","10022","3.8669721484184265","3.8610994815826416","3.877427577972412","9174","9167","9181"
"509","3.7126354575157166","3.707996368408203","3.7178218364715576","9188","9181","9195","3.7227027118206024","3.718595266342163","3.727381706237793","9188","9181","9195","3.738546445965767","3.7327051162719727","3.743122100830078","9609.5","9181","10038","3.865176945924759","3.8566246032714844","3.870898962020874","9190","9183","9197"
"510","3.713911324739456","3.7092959880828857","3.720891237258911","9204","9197","9211","3.7233954071998596","3.7180323600769043","3.7308523654937744","9204","9197","9211","3.7391828149557114","3.7340478897094727","3.74953556060791","9625.5","9197","10054","3.866266280412674","3.8596668243408203","3.875812292098999","9206","9199","9213"
"511","3.713197776249477","3.7102723121643066","3.7187530994415283","9219","9213","9225","3.722804137638637","3.7182912826538086","3.7285308837890625","9219","9213","9225","3.73889206136976","3.7349977493286133","3.7450499534606934","9640.5","9213","10068","3.86561758177621","3.8597426414489746","3.8727383613586426","9221","9215","9227"
"512","3.7139440178871155","3.7075815200805664","3.7175774574279785","9234","9227","9241","3.72323140501976","3.7176260948181152","3.726276397705078","9234","9227","9241","3.7392005920410156","3.7334370613098145","3.7442245483398438","9655.5","9227","10084","3.8646349906921387","3.8592405319213867","3.868154525756836","9236","9229","9243"
"513","3.715987741947174","3.7116246223449707","3.720764636993408","9250","9243","9257","3.7248117327690125","3.7211241722106934","3.730113983154297","9250","9243","9257","3.7411697655916214","3.736872434616089","3.746551513671875","9671.5","9243","10100","3.8667460083961487","3.8586902618408203","3.8721537590026855","9252","9245","9259"
"514","3.7139988243579865","3.709521532058716","3.717787027359009","9266","9259","9273","3.722925752401352","3.717651128768921","3.7274060249328613","9266","9259","9273","3.7394594103097916","3.7337939739227295","3.7455697059631348","9687.5","9259","10116","3.8645177483558655","3.857271671295166","3.870936155319214","9268","9261","9275"
"515","3.712778240442276","3.7049591541290283","3.7204177379608154","9282","9275","9289","3.7221111357212067","3.713231325149536","3.7295966148376465","9282","9275","9289","3.7384430170059204","3.729710340499878","3.747389316558838","9703.5","9275","10132","3.8642905354499817","3.858184337615967","3.873863458633423","9284","9277","9291"
"516","3.712599720273699","3.7103562355041504","3.7149174213409424","9297","9291","9303","3.7224159921918596","3.720604181289673","3.7256040573120117","9297","9291","9303","3.737911718232291","3.733675003051758","3.7430925369262695","9718.5","9291","10146","3.862957102911813","3.8567452430725098","3.869020938873291","9299","9293","9305"
"517","3.7139171361923218","3.7077479362487793","3.7175402641296387","9312","9305","9319","3.72320157289505","3.71632981300354","3.7263245582580566","9312","9305","9319","3.7399495989084244","3.731995105743408","3.7450151443481445","9733.5","9305","10162","3.8655864894390106","3.854586124420166","3.871224880218506","9314","9307","9321"
"518","3.7127113938331604","3.7096195220947266","3.7164244651794434","9328","9321","9335","3.722152531147003","3.719672679901123","3.7252650260925293","9328","9321","9335","3.7380768805742264","3.7355852127075195","3.7419183254241943","9749.5","9321","10178","3.8612793684005737","3.857417106628418","3.864208459854126","9330","9323","9337"
"519","3.712655693292618","3.7088258266448975","3.7183566093444824","9344","9337","9351","3.722851186990738","3.7187085151672363","3.7281737327575684","9344","9337","9351","3.738537237048149","3.7344744205474854","3.7451064586639404","9765.5","9337","10194","3.8648012578487396","3.859262466430664","3.8734748363494873","9346","9339","9353"
"520","3.7147159576416016","3.7111754417419434","3.7186667919158936","9360","9353","9367","3.724335253238678","3.7198915481567383","3.7301859855651855","9360","9353","9367","3.7407409846782684","3.736246347427368","3.746426820755005","9781.5","9353","10210","3.866137206554413","3.8618459701538086","3.8713788986206055","9362","9355","9369"
"521","3.7139336466789246","3.708991765975952","3.717914581298828","9376","9369","9383","3.7240158319473267","3.71981143951416","3.727187156677246","9376","9369","9383","3.7405255287885666","3.7344350814819336","3.744839668273926","9797.5","9369","10226","3.8636212944984436","3.856781005859375","3.8694052696228027","9378","9371","9385"
"522","3.7131524085998535","3.704965353012085","3.7177438735961914","9391","9385","9397","3.722632850919451","3.7150022983551025","3.726257801055908","9391","9385","9397","3.7387470177241733","3.7290468215942383","3.7440109252929688","9812.5","9385","10240","3.86147369657244","3.8532798290252686","3.8672075271606445","9393","9387","9399"
"523","3.712453067302704","3.70723032951355","3.716320753097534","9406","9399","9413","3.7228997349739075","3.7177505493164062","3.7263073921203613","9406","9399","9413","3.739318087697029","3.7339072227478027","3.742738723754883","9827.5","9399","10256","3.8636618554592133","3.854222297668457","3.8679215908050537","9408","9401","9415"
"524","3.715994119644165","3.7119505405426025","3.724655866622925","9422","9415","9429","3.725229889154434","3.7210662364959717","3.7325878143310547","9422","9415","9429","3.740904524922371","3.7366814613342285","3.7485179901123047","9843.5","9415","10272","3.8629856407642365","3.8571529388427734","3.8714609146118164","9424","9417","9431"
"525","3.7126822471618652","3.7056045532226562","3.717005729675293","9499","9492","9506","3.7216516733169556","3.7154383659362793","3.7251501083374023","9499","9492","9506","3.738535374403","3.7308578491210938","3.7450687885284424","9920.5","9492","10349","3.8632361590862274","3.8569626808166504","3.8701913356781006","9501","9494","9508"
"526","3.7140348851680756","3.708395481109619","3.7190756797790527","9515","9508","9522","3.7229556143283844","3.717628002166748","3.7272136211395264","9515","9508","9522","3.740044265985489","3.733351230621338","3.7454347610473633","9936.5","9508","10365","3.863350361585617","3.8572537899017334","3.8680968284606934","9517","9510","9524"
"527","3.711270809173584","3.705833911895752","3.7166247367858887","9530","9524","9536","3.7211624554225375","3.7166154384613037","3.7258896827697754","9530","9524","9536","3.737840873854501","3.731877565383911","3.743420124053955","9951.5","9524","10379","3.8618667466299876","3.8557651042938232","3.8664207458496094","9532","9526","9538"
"528","3.712747484445572","3.7105565071105957","3.715867519378662","9545","9538","9552","3.7221074402332306","3.7181215286254883","3.7266957759857178","9545","9538","9552","3.7383937388658524","3.7347850799560547","3.742030143737793","9966.5","9538","10395","3.862072616815567","3.859032154083252","3.8645639419555664","9547","9540","9554"
"529","3.7108433842658997","3.7067980766296387","3.71304988861084","9561","9554","9568","3.72067129611969","3.7158761024475098","3.7237730026245117","9561","9554","9568","3.7371083199977875","3.7325282096862793","3.7405176162719727","9982.5","9554","10411","3.8597632944583893","3.8531811237335205","3.863250255584717","9563","9556","9570"
"530","3.714095562696457","3.7107629776000977","3.7224502563476562","9577","9570","9584","3.723801851272583","3.7205042839050293","3.7322418689727783","9577","9570","9584","3.7398861348629","3.736074924468994","3.7493247985839844","9998.5","9570","10427","3.86277636885643","3.8564541339874268","3.8740601539611816","9579","9572","9586"
"531","3.7126356661319733","3.708293914794922","3.715984344482422","9593","9586","9600","3.7225557565689087","3.71799898147583","3.7253007888793945","9593","9586","9600","3.7386532574892044","3.7333531379699707","3.7425284385681152","10014.5","9586","10443","3.862221449613571","3.853858470916748","3.8677775859832764","9595","9588","9602"
"532","3.7117892801761627","3.707914352416992","3.7153964042663574","9609","9602","9616","3.7208014130592346","3.715878486633301","3.7248802185058594","9609","9602","9616","3.737178698182106","3.733323574066162","3.7417097091674805","10030.5","9602","10459","3.858706295490265","3.8555805683135986","3.8618767261505127","9611","9604","9618"
"533","3.712583746228899","3.7079453468322754","3.717681646347046","9624","9618","9630","3.7223758016313826","3.718146324157715","3.728302001953125","9624","9618","9630","3.73858038016728","3.733858585357666","3.7442550659179688","10045.5","9618","10473","3.8609936918531145","3.8539633750915527","3.866164445877075","9626","9620","9632"
"534","3.712769865989685","3.706615686416626","3.718489646911621","9639","9632","9646","3.7229971289634705","3.718729257583618","3.7272469997406006","9639","9632","9646","3.7387894690036774","3.7330164909362793","3.7442898750305176","10060.5","9632","10489","3.8609983026981354","3.8543481826782227","3.8689541816711426","9641","9634","9648"
"535","3.7118971943855286","3.7086877822875977","3.717717170715332","9655","9648","9662","3.721208155155182","3.7167160511016846","3.7262465953826904","9655","9648","9662","3.736702114343643","3.731058120727539","3.743499517440796","10076.5","9648","10505","3.8589905202388763","3.8532485961914062","3.8639113903045654","9657","9650","9664"
"536","3.713376969099045","3.7101831436157227","3.7197675704956055","9671","9664","9678","3.7236984074115753","3.719879627227783","3.7309653759002686","9671","9664","9678","3.739433526992798","3.735719680786133","3.747199773788452","10092.5","9664","10521","3.8621306717395782","3.855351448059082","3.8693485260009766","9673","9666","9680"
"537","3.7134826481342316","3.7092385292053223","3.7205777168273926","9687","9680","9694","3.723153918981552","3.717820644378662","3.7303965091705322","9687","9680","9694","3.7389314472675323","3.7328810691833496","3.7452898025512695","10108.5","9680","10537","3.861449897289276","3.8562607765197754","3.8682916164398193","9689","9682","9696"
"538","3.711965322494507","3.7045512199401855","3.7164769172668457","9702","9696","9708","3.7212999888828824","3.7128138542175293","3.7259342670440674","9702","9696","9708","3.737659982272557","3.7294273376464844","3.742561101913452","10123.5","9696","10551","3.858881780079433","3.8516414165496826","3.8670430183410645","9704","9698","9710"
"539","3.7120663225650787","3.7077996730804443","3.7152068614959717","9717","9710","9724","3.7219554781913757","3.717029571533203","3.726256847381592","9717","9710","9724","3.737724334001541","3.7323782444000244","3.7409310340881348","10138.5","9710","10567","3.859001934528351","3.84774112701416","3.8649749755859375","9719","9712","9726"
"540","3.7119582891464233","3.7064359188079834","3.7184901237487793","9733","9726","9740","3.7217829525470734","3.7162961959838867","3.728116512298584","9733","9726","9740","3.738995000720024","3.732761859893799","3.7465672492980957","10154.5","9726","10583","3.859582781791687","3.852872371673584","3.8644165992736816","9735","9728","9742"
"541","3.7131124436855316","3.7053213119506836","3.717545747756958","9749","9742","9756","3.7232125997543335","3.716108560562134","3.7287795543670654","9749","9742","9756","3.738916650414467","3.7327094078063965","3.7446117401123047","10170.5","9742","10599","3.8611047863960266","3.8564534187316895","3.866603374481201","9751","9744","9758"
"542","3.7116855680942535","3.7054877281188965","3.717381238937378","9765","9758","9772","3.722075581550598","3.715916156768799","3.729008674621582","9765","9758","9772","3.7379674464464188","3.7317116260528564","3.745696783065796","10186.5","9758","10615","3.860532224178314","3.855465888977051","3.868710517883301","9767","9760","9774"
"543","3.7131401002407074","3.707268238067627","3.717186689376831","9781","9774","9788","3.7226841747760773","3.717285633087158","3.726999282836914","9781","9774","9788","3.7384822070598602","3.731699228286743","3.742487907409668","10202.5","9774","10631","3.8589511811733246","3.8529655933380127","3.865818977355957","9783","9776","9790"
"544","3.713080440248762","3.707916736602783","3.720585823059082","9796","9790","9802","3.7229506288255965","3.7182180881500244","3.7299702167510986","9796","9790","9802","3.739219699587141","3.733323574066162","3.7469072341918945","10217.5","9790","10645","3.859125648226057","3.8543612957000732","3.86732816696167","9798","9792","9804"
"545","3.711394727230072","3.705820322036743","3.718730926513672","9811","9804","9818","3.72130286693573","3.715655565261841","3.7289626598358154","9811","9804","9818","3.737075090408325","3.732271671295166","3.7455968856811523","10232.5","9804","10661","3.8575311303138733","3.853243350982666","3.8661813735961914","9813","9806","9820"
"546","3.7119602859020233","3.707554817199707","3.7165653705596924","9827","9820","9834","3.7221192121505737","3.718233823776245","3.725614070892334","9827","9820","9834","3.738123804330826","3.7316603660583496","3.7437264919281006","10248.5","9820","10677","3.8577100038528442","3.8526391983032227","3.8644583225250244","9829","9822","9836"
"547","3.713128298521042","3.7084803581237793","3.71652889251709","9843","9836","9850","3.723106801509857","3.7185142040252686","3.726536750793457","9843","9836","9850","3.738766998052597","3.733264923095703","3.7420740127563477","10264.5","9836","10693","3.859226733446121","3.8544821739196777","3.8627800941467285","9845","9838","9852"
"548","3.7115733921527863","3.708040952682495","3.7182626724243164","9859","9852","9866","3.72181436419487","3.719491958618164","3.727005958557129","9859","9852","9866","3.7374924421310425","3.7340025901794434","3.742701530456543","10280.5","9852","10709","3.8566889464855194","3.852571487426758","3.8607475757598877","9861","9854","9868"
"549","3.7113846838474274","3.707218885421753","3.7141380310058594","9875","9868","9882","3.7215074598789215","3.7174673080444336","3.724595546722412","9875","9868","9882","3.737593099474907","3.732330322265625","3.7403972148895264","10296.5","9868","10725","3.8593536615371704","3.8495612144470215","3.8639678955078125","9877","9870","9884"
"550","3.714808293751308","3.712594509124756","3.719295024871826","9951","9945","9957","3.7247747012547086","3.7215170860290527","3.7289628982543945","9951","9945","9957","3.7403222833360945","3.738656520843506","3.7419939041137695","10794","10788","10800","3.8614538056509837","3.8586857318878174","3.8661837577819824","9953","9947","9959"
"551","3.7102994322776794","3.707275390625","3.71408748626709","9966","9959","9973","3.720324784517288","3.7166833877563477","3.725029706954956","9966","9959","9973","3.736553519964218","3.7319955825805664","3.7399444580078125","10809","10802","10816","3.856708198785782","3.8531744480133057","3.861618995666504","9968","9961","9975"
"552","3.7113408148288727","3.701944589614868","3.7197670936584473","9982","9975","9989","3.7218922078609467","3.7118794918060303","3.7304115295410156","9982","9975","9989","3.7368627190589905","3.724212169647217","3.7467098236083984","10825","10818","10832","3.857658952474594","3.8488028049468994","3.865943670272827","9984","9977","9991"
"553","3.7117623388767242","3.7075676918029785","3.7159695625305176","9998","9991","10005","3.7219367921352386","3.7169065475463867","3.724954843521118","9998","9991","10005","3.737941473722458","3.7325005531311035","3.7444114685058594","10841","10834","10848","3.8566750288009644","3.8516218662261963","3.8638744354248047","10000","9993","10007"
"554","3.7131550014019012","3.70786714553833","3.7169885635375977","10014","10007","10021","3.723217695951462","3.7177369594573975","3.726531505584717","10014","10007","10021","3.739200234413147","3.7341203689575195","3.7440810203552246","10857","10850","10864","3.8574723601341248","3.8513498306274414","3.861820697784424","10016","10009","10023"
"555","3.712737492152623","3.709580421447754","3.7168803215026855","10029","10023","10035","3.7227552958897183","3.718546152114868","3.727187156677246","10029","10023","10035","3.738267864499773","3.7348275184631348","3.743006706237793","10872","10866","10878","3.8550783906664168","3.848464012145996","3.8603107929229736","10031","10025","10037"
"556","3.709346830844879","3.7068920135498047","3.712888717651367","10044","10037","10051","3.7194650173187256","3.715785264968872","3.7236976623535156","10044","10037","10051","3.7346926033496857","3.7328386306762695","3.7367591857910156","10887","10880","10894","3.8529490530490875","3.8488078117370605","3.859185218811035","10046","10039","10053"
"557","3.7111989855766296","3.709153175354004","3.716144561767578","10060","10053","10067","3.7215650975704193","3.719688892364502","3.724796772003174","10060","10053","10067","3.7381955683231354","3.735490083694458","3.7420237064361572","10903","10896","10910","3.857122451066971","3.852466344833374","3.861541748046875","10062","10055","10069"
"558","3.7108473777770996","3.7062907218933105","3.7133421897888184","10076","10069","10083","3.7208089232444763","3.7144811153411865","3.7250843048095703","10076","10069","10083","3.7370927929878235","3.7313921451568604","3.741482734680176","10919","10912","10926","3.8542172610759735","3.8490707874298096","3.859893560409546","10078","10071","10085"
"559","3.708843767642975","3.7037277221679688","3.711956262588501","10092","10085","10099","3.719103127717972","3.712958335876465","3.7228047847747803","10092","10085","10099","3.7350484132766724","3.7297558784484863","3.739438056945801","10935","10928","10942","3.852159708738327","3.8482844829559326","3.8593292236328125","10094","10087","10101"
"560","3.711057037115097","3.7080178260803223","3.7175183296203613","10108","10101","10115","3.721453219652176","3.7180068492889404","3.7272939682006836","10108","10101","10115","3.7379621267318726","3.7332441806793213","3.7442450523376465","10951","10944","10958","3.855496495962143","3.8527798652648926","3.8610312938690186","10110","10103","10117"
"561","3.712390116282872","3.7074737548828125","3.715860605239868","10123","10117","10129","3.722714287894113","3.717219591140747","3.7270255088806152","10123","10117","10129","3.738780907222203","3.7314865589141846","3.743973731994629","10966","10960","10972","3.8578176157815114","3.8496994972229004","3.8645012378692627","10125","10119","10131"
"562","3.7105648517608643","3.702014923095703","3.717548370361328","10138","10131","10145","3.7206951677799225","3.7121951580047607","3.727993965148926","10138","10131","10145","3.736611992120743","3.729973793029785","3.7408814430236816","10981","10974","10988","3.8541344702243805","3.845858097076416","3.861807346343994","10140","10133","10147"
"563","3.7100406289100647","3.707655906677246","3.7140514850616455","10154","10147","10161","3.720563530921936","3.7175021171569824","3.723665714263916","10154","10147","10161","3.7360477447509766","3.732292652130127","3.739881992340088","10997","10990","11004","3.8539840281009674","3.850193738937378","3.8565216064453125","10156","10149","10163"
"564","3.71140593290329","3.706101417541504","3.7195687294006348","10170","10163","10177","3.72194966673851","3.716874122619629","3.7299892902374268","10170","10163","10177","3.7380886673927307","3.734164237976074","3.746853828430176","11013","11006","11020","3.8580633103847504","3.8522675037384033","3.8681464195251465","10172","10165","10179"
"565","3.7127180993556976","3.7080538272857666","3.7173261642456055","10186","10179","10193","3.723446696996689","3.718351364135742","3.72882342338562","10186","10179","10193","3.738150864839554","3.733663558959961","3.7439026832580566","11029","11022","11036","3.857846885919571","3.8517751693725586","3.865142822265625","10188","10181","10195"
"566","3.710930040904454","3.7071714401245117","3.7197675704956055","10201","10195","10207","3.7214618750980923","3.7183847427368164","3.7310333251953125","10201","10195","10207","3.7371518271309987","3.733261823654175","3.7438011169433594","11044","11038","11050","3.8551571369171143","3.850400686264038","3.863515615463257","10203","10197","10209"
"567","3.7106262147426605","3.7068417072296143","3.7161853313446045","10216","10209","10223","3.7203972935676575","3.7173221111297607","3.7256271839141846","10216","10209","10223","3.7369840145111084","3.731843948364258","3.7426819801330566","11059","11052","11066","3.855086028575897","3.8449692726135254","3.864868640899658","10218","10211","10225"
"568","3.7122970819473267","3.705751895904541","3.7163429260253906","10232","10225","10239","3.722319394350052","3.7168209552764893","3.7251651287078857","10232","10225","10239","3.7382469475269318","3.734769582748413","3.741039752960205","11075","11068","11082","3.854609042406082","3.8491671085357666","3.858936309814453","10234","10227","10241"
"569","3.7121107280254364","3.707531452178955","3.7153420448303223","10248","10241","10255","3.722289264202118","3.7169058322906494","3.726020097732544","10248","10241","10255","3.738703429698944","3.732130765914917","3.7427010536193848","11091","11084","11098","3.855115383863449","3.8475098609924316","3.8586511611938477","10250","10243","10257"
"570","3.7132263481616974","3.70572829246521","3.7188541889190674","10264","10257","10271","3.7234958112239838","3.714473009109497","3.730247974395752","10264","10257","10271","3.738916426897049","3.732794761657715","3.745009183883667","11107","11100","11114","3.857130616903305","3.8472676277160645","3.8623456954956055","10266","10259","10273"
"571","3.7112569212913513","3.7073147296905518","3.716270923614502","10280","10273","10287","3.720975697040558","3.717142343521118","3.7255749702453613","10280","10273","10287","3.7361062467098236","3.731156826019287","3.7408041954040527","11123","11116","11130","3.854180186986923","3.8493967056274414","3.857722759246826","10282","10275","10289"
"572","3.712354762213571","3.7021780014038086","3.718930244445801","10295","10289","10301","3.7227744374956404","3.7123148441314697","3.7290186882019043","10295","10289","10301","3.7385262761797224","3.7288177013397217","3.74446702003479","11138","11132","11144","3.85512147630964","3.848562240600586","3.8599660396575928","10297","10291","10303"
"573","3.711782783269882","3.7048654556274414","3.7159528732299805","10310","10303","10317","3.722117841243744","3.7159485816955566","3.7259061336517334","10310","10303","10317","3.7382741570472717","3.731703758239746","3.742929458618164","11153","11146","11160","3.8557192385196686","3.850593090057373","3.8606207370758057","10312","10305","10319"
"574","3.712163656949997","3.7047104835510254","3.717416763305664","10326","10319","10333","3.722617954015732","3.7166261672973633","3.729339361190796","10326","10319","10333","3.7387298941612244","3.7301502227783203","3.747501850128174","11169","11162","11176","3.8553203344345093","3.845663547515869","3.8661420345306396","10328","10321","10335"
"575","3.709803730249405","3.7054994106292725","3.714725971221924","10403","10396","10410","3.7202427983283997","3.7153687477111816","3.7263591289520264","10403","10396","10410","3.736103802919388","3.7315149307250977","3.741809844970703","11246","11239","11253","3.851477324962616","3.847440004348755","3.858160972595215","10405","10398","10412"
"576","3.7066251039505005","3.7027087211608887","3.7091927528381348","10419","10412","10426","3.7166708409786224","3.7120420932769775","3.7196288108825684","10419","10412","10426","3.732806622982025","3.728069543838501","3.735273838043213","11262","11255","11269","3.847666412591934","3.842829465866089","3.849724054336548","10421","10414","10428"
"577","3.7098423412867954","3.70511531829834","3.7183613777160645","10434","10428","10440","3.7204625606536865","3.714040517807007","3.7292256355285645","10434","10428","10440","3.7361824171883717","3.7308242321014404","3.7435150146484375","11277","11271","11283","3.8520635536738803","3.8458337783813477","3.861414909362793","10436","10430","10442"
"578","3.7090010046958923","3.7044925689697266","3.712932586669922","10449","10442","10456","3.719702810049057","3.7165095806121826","3.72377872467041","10449","10442","10456","3.7360591888427734","3.731314182281494","3.7391843795776367","11292","11285","11299","3.85320046544075","3.847895860671997","3.8609039783477783","10451","10444","10458"
"579","3.709879994392395","3.704087257385254","3.716550588607788","10465","10458","10472","3.7202033400535583","3.714682102203369","3.7276482582092285","10465","10458","10472","3.7364815175533295","3.7293262481689453","3.7458996772766113","11308","11301","11315","3.851329267024994","3.842489004135132","3.8582024574279785","10467","10460","10474"
"580","3.708861231803894","3.7023515701293945","3.713125228881836","10481","10474","10488","3.719131827354431","3.712946891784668","3.723468780517578","10481","10474","10488","3.7349980771541595","3.729506015777588","3.739122152328491","11324","11317","11331","3.8501773476600647","3.8448305130004883","3.855257511138916","10483","10476","10490"
"581","3.710246831178665","3.7048563957214355","3.715857982635498","10497","10490","10504","3.7206766605377197","3.715189218521118","3.726508140563965","10497","10490","10504","3.7359573543071747","3.7306370735168457","3.742635488510132","11340","11333","11347","3.8509425222873688","3.8426098823547363","3.8603551387786865","10499","10492","10506"
"582","3.7104686200618744","3.7075066566467285","3.7130329608917236","10513","10506","10520","3.7216045260429382","3.71769118309021","3.724111795425415","10513","10506","10520","3.737630009651184","3.7321271896362305","3.7397494316101074","11356","11349","11363","3.8513724207878113","3.84584379196167","3.8549113273620605","10515","10508","10522"
"583","3.7102391038622176","3.7053117752075195","3.7136363983154297","10528","10522","10534","3.721130337033953","3.716036796569824","3.7245869636535645","10528","10522","10534","3.7372913701193675","3.7337751388549805","3.741910696029663","11371","11365","11377","3.853540931429182","3.847790002822876","3.859267234802246","10530","10524","10536"
"584","3.710878938436508","3.704674005508423","3.714507818222046","10543","10536","10550","3.721404582262039","3.7147016525268555","3.7248435020446777","10543","10536","10550","3.7371350526809692","3.733114719390869","3.7421746253967285","11386","11379","11393","3.8525329530239105","3.8493776321411133","3.8559885025024414","10545","10538","10552"
"585","3.7075514793395996","3.7014949321746826","3.7151341438293457","10559","10552","10566","3.7180950045585632","3.712063789367676","3.727133274078369","10559","10552","10566","3.734905481338501","3.729140281677246","3.7450613975524902","11402","11395","11409","3.8489334285259247","3.8429555892944336","3.859623432159424","10561","10554","10568"
"586","3.7086344957351685","3.7053797245025635","3.7153754234313965","10575","10568","10582","3.7193735241889954","3.716270685195923","3.7232553958892822","10575","10568","10582","3.7359372675418854","3.7324557304382324","3.7403030395507812","11418","11411","11425","3.849291980266571","3.845390796661377","3.852682113647461","10577","10570","10584"
"587","3.7089476585388184","3.705507516860962","3.7127254009246826","10591","10584","10598","3.7198899388313293","3.7165145874023438","3.723568916320801","10591","10584","10598","3.7356841266155243","3.7327985763549805","3.738621950149536","11434","11427","11441","3.8508144915103912","3.8489913940429688","3.8524937629699707","10593","10586","10600"
"588","3.7108210154942105","3.7066407203674316","3.713526725769043","10606","10600","10612","3.7211217880249023","3.716635227203369","3.7245187759399414","10606","10600","10612","3.7374559811183383","3.733168840408325","3.741285800933838","11449","11443","11455","3.850767510277884","3.8441433906555176","3.855257511138916","10608","10602","10614"
"589","3.709679067134857","3.703570604324341","3.716304302215576","10621","10614","10628","3.721311330795288","3.7143657207489014","3.7287397384643555","10621","10614","10628","3.7364075779914856","3.7309746742248535","3.741661787033081","11464","11457","11471","3.850492000579834","3.840388774871826","3.8581085205078125","10623","10616","10630"
"590","3.7100780606269836","3.7066311836242676","3.7135117053985596","10637","10630","10644","3.720831334590912","3.7176427841186523","3.7233543395996094","10637","10630","10644","3.738050013780594","3.7342915534973145","3.742340087890625","11480","11473","11487","3.851405769586563","3.844693660736084","3.8546195030212402","10639","10632","10646"
"591","3.711054563522339","3.7073614597320557","3.713837146759033","10653","10646","10660","3.7215641140937805","3.7180283069610596","3.725656032562256","10653","10646","10660","3.7380703687667847","3.733168601989746","3.741713047027588","11496","11489","11503","3.850761204957962","3.842972755432129","3.8565540313720703","10655","10648","10662"
"592","3.7097693979740143","3.704838275909424","3.715947151184082","10669","10662","10676","3.7202785909175873","3.7154908180236816","3.7267093658447266","10669","10662","10676","3.736293762922287","3.730973720550537","3.7416348457336426","11512","11505","11519","3.848796635866165","3.842135190963745","3.854851245880127","10671","10664","10678"
"593","3.7092093527317047","3.7042222023010254","3.7125353813171387","10685","10678","10692","3.7195723056793213","3.715073585510254","3.7230091094970703","10685","10678","10692","3.7359843850135803","3.730482578277588","3.7402749061584473","11528","11521","11535","3.849522143602371","3.8418641090393066","3.8541347980499268","10687","10680","10694"
"594","3.708334139415196","3.702500343322754","3.7146167755126953","10700","10694","10706","3.7192531313214983","3.71254301071167","3.725450038909912","10700","10694","10706","3.735842364174979","3.729051113128662","3.7419161796569824","11543","11537","11549","3.8495516095842635","3.842285633087158","3.856727123260498","10702","10696","10708"
"595","3.7089039981365204","3.7070608139038086","3.7119951248168945","10715","10708","10722","3.720045328140259","3.717684268951416","3.7237038612365723","10715","10708","10722","3.735142022371292","3.730917453765869","3.7391037940979004","11558","11551","11565","3.8475343585014343","3.8426852226257324","3.8531479835510254","10717","10710","10724"
"596","3.708794951438904","3.706157684326172","3.7123117446899414","10731","10724","10738","3.7195430994033813","3.7169690132141113","3.722564220428467","10731","10724","10738","3.7355411052703857","3.732876777648926","3.7380356788635254","11574","11567","11581","3.8486574292182922","3.8458468914031982","3.8519864082336426","10733","10726","10740"
"597","3.7102270126342773","3.7012991905212402","3.719087600708008","10747","10740","10754","3.7213346660137177","3.7130088806152344","3.729506254196167","10747","10740","10754","3.7368375658988953","3.727381467819214","3.7429423332214355","11590","11583","11597","3.8514254689216614","3.8467445373535156","3.860078811645508","10749","10742","10756"
"598","3.7083965837955475","3.705749273300171","3.7129576206207275","10763","10756","10770","3.7195411324501038","3.716285228729248","3.724766969680786","10763","10756","10770","3.7356854677200317","3.7316203117370605","3.740399122238159","11606","11599","11613","3.8491415083408356","3.8442447185516357","3.8564040660858154","10765","10758","10772"
"599","3.7084157168865204","3.703242301940918","3.7128500938415527","10779","10772","10786","3.7198266088962555","3.712725877761841","3.726832389831543","10779","10772","10786","3.7361167669296265","3.7295050621032715","3.7415852546691895","11622","11615","11629","3.850631058216095","3.839916706085205","3.857992649078369","10781","10774","10788"
"600","3.7098799773624966","3.705005168914795","3.7159252166748047","10855","10849","10861","3.721499068396432","3.7158637046813965","3.7278647422790527","10855","10849","10861","3.737863506589617","3.7309694290161133","3.7461893558502197","11698","11692","11704","3.849414450781686","3.8408875465393066","3.857595920562744","10857","10851","10863"
"601","3.7073556184768677","3.703497886657715","3.711672306060791","10870","10863","10877","3.7183741629123688","3.7154910564422607","3.722116231918335","10870","10863","10877","3.7344974875450134","3.729884624481201","3.73954701423645","11713","11706","11720","3.8469187319278717","3.8394041061401367","3.8548479080200195","10872","10865","10879"
"602","3.7084503173828125","3.7043750286102295","3.7120604515075684","10886","10879","10893","3.719917982816696","3.7174296379089355","3.7235984802246094","10886","10879","10893","3.7361994683742523","3.733938217163086","3.739086151123047","11729","11722","11736","3.8504219949245453","3.845080852508545","3.853850841522217","10888","10881","10895"
"603","3.7096831798553467","3.705275535583496","3.714921474456787","10902","10895","10909","3.7205361127853394","3.715268611907959","3.726255416870117","10902","10895","10909","3.7372699975967407","3.7313759326934814","3.744875431060791","11745","11738","11752","3.8496081233024597","3.8439416885375977","3.854409694671631","10904","10897","10911"
"604","3.7080818116664886","3.7034292221069336","3.7126893997192383","10918","10911","10925","3.7195185720920563","3.7152819633483887","3.7250006198883057","10918","10911","10925","3.7355107367038727","3.732039451599121","3.7385544776916504","11761","11754","11768","3.848020374774933","3.842480182647705","3.8548390865325928","10920","10913","10927"
"605","3.7091311386653354","3.7060132026672363","3.7124075889587402","10933","10927","10939","3.720594508307321","3.717480182647705","3.7247443199157715","10933","10927","10939","3.7362468583243236","3.7314937114715576","3.7433738708496094","11776","11770","11782","3.849888358797346","3.844137191772461","3.8531746864318848","10935","10929","10941"
"606","3.707668721675873","3.703207492828369","3.71136474609375","10948","10941","10955","3.7185241281986237","3.713348150253296","3.724581718444824","10948","10941","10955","3.7356998026371","3.730168342590332","3.74131441116333","11791","11784","11798","3.846432864665985","3.840986728668213","3.854992389678955","10950","10943","10957"
"607","3.709097772836685","3.7058067321777344","3.711416006088257","10964","10957","10971","3.720980077981949","3.71756649017334","3.724332094192505","10964","10957","10971","3.7357019186019897","3.733780860900879","3.737924098968506","11807","11800","11814","3.8493233919143677","3.8464558124542236","3.8513002395629883","10966","10959","10973"
"608","3.7091447710990906","3.703653573989868","3.7176923751831055","10980","10973","10987","3.72094988822937","3.7149271965026855","3.7287988662719727","10980","10973","10987","3.7370299696922302","3.7296504974365234","3.7427473068237305","11823","11816","11830","3.8501026332378387","3.8407745361328125","3.8569693565368652","10982","10975","10989"
"609","3.706375688314438","3.701016426086426","3.710268974304199","10996","10989","11003","3.717216044664383","3.7128050327301025","3.7206292152404785","10996","10989","11003","3.733690768480301","3.729008674621582","3.7364697456359863","11839","11832","11846","3.844867169857025","3.837007522583008","3.8496668338775635","10998","10991","11005"
"610","3.7109472155570984","3.7055044174194336","3.7165122032165527","11012","11005","11019","3.7226918935775757","3.7181434631347656","3.7285757064819336","11012","11005","11019","3.737790495157242","3.7314844131469727","3.7435405254364014","11855","11848","11862","3.8509747087955475","3.8436803817749023","3.859982490539551","11014","11007","11021"
"611","3.708225965499878","3.7003371715545654","3.7153525352478027","11027","11021","11033","3.718947240284511","3.712177276611328","3.726616859436035","11027","11021","11033","3.7340039866311208","3.7225723266601562","3.739854574203491","11870","11864","11876","3.8453116416931152","3.834418296813965","3.850324869155884","11029","11023","11035"
"612","3.709184557199478","3.7036712169647217","3.716356039047241","11042","11035","11049","3.720511794090271","3.714919328689575","3.7283706665039062","11042","11035","11049","3.7361199855804443","3.731449604034424","3.7441930770874023","11885","11878","11892","3.846922844648361","3.8410561084747314","3.8533995151519775","11044","11037","11051"
"613","3.709296703338623","3.703857421875","3.7137253284454346","11058","11051","11065","3.720534920692444","3.7154784202575684","3.7244396209716797","11058","11051","11065","3.7360210716724396","3.7282333374023438","3.740217447280884","11901","11894","11908","3.8472222983837128","3.8449268341064453","3.849465847015381","11060","11053","11067"
"614","3.7097522616386414","3.703437328338623","3.7134013175964355","11074","11067","11081","3.72168692946434","3.715414047241211","3.7251296043395996","11074","11067","11081","3.736456423997879","3.7312264442443848","3.7405810356140137","11917","11910","11924","3.848574072122574","3.8440537452697754","3.8534421920776367","11076","11069","11083"
"615","3.7084087431430817","3.704704761505127","3.711585521697998","11090","11083","11097","3.719560444355011","3.715632438659668","3.7232375144958496","11090","11083","11097","3.7347200512886047","3.7290496826171875","3.738895893096924","11933","11926","11940","3.845282196998596","3.838646411895752","3.8510842323303223","11092","11085","11099"
"616","3.7080748421805247","3.704036235809326","3.7133665084838867","11105","11099","11111","3.7203523772103444","3.7180895805358887","3.723954439163208","11105","11099","11111","3.7358671597072055","3.730609893798828","3.7419614791870117","11948","11942","11954","3.8479361534118652","3.843575954437256","3.851454734802246","11107","11101","11113"
"617","3.708673804998398","3.704679012298584","3.713291645050049","11120","11113","11127","3.71965429186821","3.7164978981018066","3.721900463104248","11120","11113","11127","3.7352944016456604","3.733287811279297","3.737271547317505","11963","11956","11970","3.845851808786392","3.8441014289855957","3.848623514175415","11122","11115","11129"
"618","3.705300450325012","3.7020609378814697","3.7095155715942383","11136","11129","11143","3.717099815607071","3.71330189704895","3.722376585006714","11136","11129","11143","3.7322612702846527","3.728816509246826","3.7370247840881348","11979","11972","11986","3.8432759046554565","3.83735990524292","3.8518688678741455","11138","11131","11145"
"619","3.7076286375522614","3.705892324447632","3.7113144397735596","11152","11145","11159","3.7191959619522095","3.7167139053344727","3.723625421524048","11152","11145","11159","3.735044002532959","3.731273889541626","3.7398507595062256","11995","11988","12002","3.8474003970623016","3.843153953552246","3.854705572128296","11154","11147","11161"
"620","3.7076196670532227","3.702425956726074","3.7116074562072754","11168","11161","11175","3.7190731167793274","3.716287612915039","3.7221150398254395","11168","11161","11175","3.73497211933136","3.732820749282837","3.7369322776794434","12011","12004","12018","3.8464596271514893","3.8416740894317627","3.85012149810791","11170","11163","11177"
"621","3.709615081548691","3.704166889190674","3.7141213417053223","11184","11177","11191","3.720731884241104","3.7144627571105957","3.7273025512695312","11184","11177","11191","3.7370171546936035","3.73138427734375","3.7428646087646484","12027","12020","12034","3.845717489719391","3.838900327682495","3.853835344314575","11186","11179","11193"
"622","3.705479213169643","3.703031301498413","3.707472085952759","11199","11193","11205","3.7169671399252757","3.713468551635742","3.719738006591797","11199","11193","11205","3.7330783435276578","3.730388879776001","3.7361092567443848","12042","12036","12048","3.843639612197876","3.840885877609253","3.8465867042541504","11201","11195","11207"
"623","3.7053766548633575","3.69940185546875","3.7118194103240967","11214","11207","11221","3.7169225215911865","3.710172176361084","3.724287271499634","11214","11207","11221","3.7330424189567566","3.726229667663574","3.741591215133667","12057","12050","12064","3.8440741300582886","3.8378899097442627","3.8521265983581543","11216","11209","11223"
"624","3.7079145312309265","3.7043204307556152","3.7131166458129883","11230","11223","11237","3.7197183072566986","3.716381549835205","3.724968433380127","11230","11223","11237","3.735953062772751","3.7314181327819824","3.740421772003174","12073","12066","12080","3.8462125062942505","3.840325355529785","3.8504815101623535","11232","11225","11239"
"625","3.7079566717147827","3.702409267425537","3.712477684020996","11307","11300","11314","3.7194944620132446","3.714914321899414","3.724013566970825","11307","11300","11314","3.736227333545685","3.7299883365631104","3.7424778938293457","12150","12143","12157","3.846626579761505","3.8419182300567627","3.8524653911590576","11309","11302","11316"
"626","3.7089408934116364","3.7038521766662598","3.7135775089263916","11323","11316","11330","3.7203024327754974","3.7145824432373047","3.725538730621338","11323","11316","11330","3.7368505597114563","3.730830669403076","3.742919921875","12166","12159","12173","3.84670028090477","3.839183807373047","3.853395462036133","11325","11318","11332"
"627","3.7065622125353133","3.7025585174560547","3.7110347747802734","11338","11332","11344","3.718566860471453","3.7154831886291504","3.722242832183838","11338","11332","11344","3.733679567064558","3.729496717453003","3.7393345832824707","12181","12175","12187","3.8422439438956126","3.8372530937194824","3.8502745628356934","11340","11334","11346"
"628","3.7072414457798004","3.701230525970459","3.7114133834838867","11353","11346","11360","3.7189439237117767","3.714303970336914","3.722822666168213","11353","11346","11360","3.7345265448093414","3.7294983863830566","3.7385482788085938","12196","12189","12203","3.845243752002716","3.841270923614502","3.848659038543701","11355","11348","11362"
"629","3.7071737349033356","3.7038073539733887","3.7124953269958496","11369","11362","11376","3.7190003991127014","3.7163639068603516","3.7250401973724365","11369","11362","11376","3.735403150320053","3.732137680053711","3.738694190979004","12212","12205","12219","3.843927323818207","3.8392114639282227","3.84822154045105","11371","11364","11378"
"630","3.7075374126434326","3.7003769874572754","3.7140026092529297","11385","11378","11392","3.7195670306682587","3.7129833698272705","3.7260072231292725","11385","11378","11392","3.7353139221668243","3.725939989089966","3.7420079708099365","12228","12221","12235","3.8453841507434845","3.837376117706299","3.8511807918548584","11387","11380","11394"
"631","3.70690381526947","3.7042980194091797","3.70878005027771","11401","11394","11408","3.7179651260375977","3.714246988296509","3.720841407775879","11401","11394","11408","3.733956128358841","3.7276055812835693","3.738640546798706","12244","12237","12251","3.8424060940742493","3.8361597061157227","3.8474035263061523","11403","11396","11410"
"632","3.707108646631241","3.7045388221740723","3.712883949279785","11417","11410","11424","3.71921443939209","3.715640068054199","3.72491455078125","11417","11410","11424","3.7352975010871887","3.733335256576538","3.739360809326172","12260","12253","12267","3.8420832455158234","3.8362207412719727","3.84601092338562","11419","11412","11426"
"633","3.7067197050367082","3.702390670776367","3.710909843444824","11432","11426","11438","3.7174796036311557","3.71354079246521","3.7208666801452637","11432","11426","11438","3.733913081032889","3.7294936180114746","3.738520622253418","12275","12269","12281","3.8420006888253346","3.836392402648926","3.8485286235809326","11434","11428","11440"
"634","3.7058211266994476","3.7039551734924316","3.7081515789031982","11447","11440","11454","3.71769317984581","3.714963436126709","3.720067024230957","11447","11440","11454","3.7341063618659973","3.7310094833374023","3.736719846725464","12290","12283","12297","3.842071622610092","3.8382458686828613","3.844724416732788","11449","11442","11456"
"635","3.7066950500011444","3.7016665935516357","3.71181058883667","11463","11456","11470","3.719084143638611","3.714688777923584","3.7256522178649902","11463","11456","11470","3.7351970970630646","3.7313919067382812","3.7410693168640137","12306","12299","12313","3.8433635234832764","3.8379576206207275","3.850170135498047","11465","11458","11472"
"636","3.706535279750824","3.701272964477539","3.7110180854797363","11479","11472","11486","3.718807339668274","3.7140183448791504","3.723287582397461","11479","11472","11486","3.734273135662079","3.728996753692627","3.737759590148926","12322","12315","12329","3.844138264656067","3.841020107269287","3.849562168121338","11481","11474","11488"
"637","3.705826312303543","3.7008962631225586","3.715111255645752","11495","11488","11502","3.718228757381439","3.714134693145752","3.728003740310669","11495","11488","11502","3.733667880296707","3.7284445762634277","3.7450785636901855","12338","12331","12345","3.843757748603821","3.8371055126190186","3.8556418418884277","11497","11490","11504"
"638","3.7077976635524204","3.702733278274536","3.7125742435455322","11510","11504","11516","3.7202789783477783","3.7150509357452393","3.724621295928955","11510","11504","11516","3.7366836752210344","3.733689785003662","3.7430429458618164","12353","12347","12359","3.843419756208147","3.837747812271118","3.84824275970459","11512","11506","11518"
"639","3.707022964954376","3.7015631198883057","3.711254358291626","11525","11518","11532","3.7196966409683228","3.7153778076171875","3.7240872383117676","11525","11518","11532","3.7354609668254852","3.7315263748168945","3.7398762702941895","12368","12361","12375","3.8452743887901306","3.841442823410034","3.8486011028289795","11527","11520","11534"
"640","3.706420987844467","3.7026255130767822","3.7095255851745605","11541","11534","11548","3.718749910593033","3.7149691581726074","3.7217800617218018","11541","11534","11548","3.7345671355724335","3.731492042541504","3.7376761436462402","12384","12377","12391","3.842674493789673","3.8380186557769775","3.8474109172821045","11543","11536","11550"
"641","3.7071574330329895","3.702065944671631","3.709476947784424","11557","11550","11564","3.719124525785446","3.7130820751190186","3.722226858139038","11557","11550","11564","3.735289752483368","3.729799270629883","3.7385506629943848","12400","12393","12407","3.8445721566677094","3.840913772583008","3.8488271236419678","11559","11552","11566"
"642","3.7067198753356934","3.699873924255371","3.715815305709839","11573","11566","11580","3.719085454940796","3.7122395038604736","3.7275424003601074","11573","11566","11580","3.735613077878952","3.729930877685547","3.7437148094177246","12416","12409","12423","3.8418562412261963","3.8341188430786133","3.8514890670776367","11575","11568","11582"
"643","3.7075217366218567","3.7036385536193848","3.7112550735473633","11589","11582","11596","3.720127284526825","3.715566635131836","3.7245614528656006","11589","11582","11596","3.7358001470565796","3.731563091278076","3.7385034561157227","12432","12425","12439","3.841194897890091","3.8373963832855225","3.84495210647583","11591","11584","11598"
"644","3.7060159274509976","3.7013678550720215","3.710601568222046","11604","11598","11610","3.718716791697911","3.713805913925171","3.7232248783111572","11604","11598","11610","3.7348812988826205","3.7296676635742188","3.7411513328552246","12447","12441","12453","3.8422844069344655","3.8324942588806152","3.8493587970733643","11606","11600","11612"
"645","3.7059693932533264","3.7024028301239014","3.708197593688965","11619","11612","11626","3.7186379134655","3.7147021293640137","3.7211694717407227","11619","11612","11626","3.7350765466690063","3.7308731079101562","3.739380359649658","12462","12455","12469","3.8428435623645782","3.837350368499756","3.8462367057800293","11621","11614","11628"
"646","3.707350939512253","3.7024970054626465","3.7134714126586914","11635","11628","11642","3.7198208272457123","3.7158455848693848","3.724257469177246","11635","11628","11642","3.735351115465164","3.7296969890594482","3.7399725914001465","12478","12471","12485","3.8439277708530426","3.837477445602417","3.8493905067443848","11637","11630","11644"
"647","3.7054505050182343","3.699380874633789","3.713080883026123","11651","11644","11658","3.7177480459213257","3.7128520011901855","3.7229347229003906","11651","11644","11658","3.734103947877884","3.7281370162963867","3.738729953765869","12494","12487","12501","3.8417486250400543","3.835083484649658","3.8466553688049316","11653","11646","11660"
"648","3.7050179839134216","3.6999354362487793","3.709679126739502","11667","11660","11674","3.718183010816574","3.7125816345214844","3.7225449085235596","11667","11660","11674","3.7332894802093506","3.7298583984375","3.736349105834961","12510","12503","12517","3.8407097458839417","3.836066484451294","3.8464174270629883","11669","11662","11676"
"649","3.70611509680748","3.70054292678833","3.714909076690674","11683","11676","11690","3.7188472747802734","3.711383819580078","3.7265992164611816","11683","11676","11690","3.735216736793518","3.7277848720550537","3.742993116378784","12526","12519","12533","3.8421631157398224","3.8357901573181152","3.8501999378204346","11685","11678","11692"
"650","3.7061712060655867","3.698478937149048","3.7097809314727783","11759","11753","11765","3.7189856597355435","3.7118637561798096","3.7217562198638916","11759","11753","11765","3.734809398651123","3.7274861335754395","3.7370996475219727","12602","12596","12608","3.841507843562535","3.835415840148926","3.843883991241455","11761","11755","11767"
"651","3.7070409953594208","3.7044293880462646","3.7094969749450684","11774","11767","11781","3.720086246728897","3.7169010639190674","3.7233803272247314","11774","11767","11781","3.736412137746811","3.732609987258911","3.7402560710906982","12617","12610","12624","3.8451147079467773","3.8382296562194824","3.85549259185791","11776","11769","11783"
"652","3.7059663236141205","3.6994194984436035","3.7100515365600586","11790","11783","11797","3.7183538377285004","3.712955951690674","3.72213077545166","11790","11783","11797","3.73428612947464","3.730874538421631","3.7388901710510254","12633","12626","12640","3.8412630558013916","3.8338778018951416","3.847621440887451","11792","11785","11799"
"653","3.7037638127803802","3.7013378143310547","3.7092952728271484","11806","11799","11813","3.716552346944809","3.7131597995758057","3.7233285903930664","11806","11799","11813","3.731172889471054","3.7269115447998047","3.7381081581115723","12649","12642","12656","3.8378670513629913","3.832166910171509","3.8443713188171387","11808","11801","11815"
"654","3.7062161564826965","3.704012870788574","3.708710193634033","11822","11815","11829","3.7195940911769867","3.7179818153381348","3.721355438232422","11822","11815","11829","3.7358899414539337","3.732722282409668","3.739000082015991","12665","12658","12672","3.8421312272548676","3.8374900817871094","3.8487508296966553","11824","11817","11831"
"655","3.7050818375178745","3.700291633605957","3.7104649543762207","11837","11831","11843","3.7180110045841763","3.7122554779052734","3.7242140769958496","11837","11831","11843","3.7338168621063232","3.7279536724090576","3.7381272315979004","12680","12674","12686","3.8397954532078336","3.8316597938537598","3.8462138175964355","11839","11833","11845"
"656","3.7043650448322296","3.6990902423858643","3.7078890800476074","11852","11845","11859","3.717104524374008","3.7112560272216797","3.721501350402832","11852","11845","11859","3.7332721054553986","3.727527379989624","3.7374179363250732","12695","12688","12702","3.838995486497879","3.833589553833008","3.842892646789551","11854","11847","11861"
"657","3.706143379211426","3.699918508529663","3.710714817047119","11868","11861","11875","3.7192120254039764","3.7133703231811523","3.7241363525390625","11868","11861","11875","3.735062003135681","3.729588031768799","3.7398383617401123","12711","12704","12718","3.840638965368271","3.8324713706970215","3.8462092876434326","11870","11863","11877"
"658","3.7039603888988495","3.7007761001586914","3.706868886947632","11884","11877","11891","3.717228055000305","3.713317394256592","3.7199220657348633","11884","11877","11891","3.7332572638988495","3.7288596630096436","3.7362897396087646","12727","12720","12734","3.840212792158127","3.8369288444519043","3.844893217086792","11886","11879","11893"
"659","3.704441726207733","3.6988978385925293","3.710110664367676","11900","11893","11907","3.7175024151802063","3.710888385772705","3.723052501678467","11900","11893","11907","3.7343792617321014","3.72957706451416","3.7392544746398926","12743","12736","12750","3.83954319357872","3.8331804275512695","3.84299635887146","11902","11895","11909"
"660","3.705121397972107","3.7011475563049316","3.709446430206299","11916","11909","11923","3.7181282937526703","3.7141571044921875","3.722259521484375","11916","11909","11923","3.735145717859268","3.7320291996002197","3.74113130569458","12759","12752","12766","3.8416354060173035","3.839268684387207","3.845710277557373","11918","11911","11925"
"661","3.7066403116498674","3.7044339179992676","3.7096164226531982","11931","11925","11937","3.7198458399091447","3.716712474822998","3.7222278118133545","11931","11925","11937","3.7354186943599155","3.7302942276000977","3.7379894256591797","12774","12768","12780","3.8421895844595775","3.838629722595215","3.8473410606384277","11933","11927","11939"
"662","3.7048094272613525","3.6973319053649902","3.7072346210479736","11946","11939","11953","3.7185095846652985","3.7102725505828857","3.7218594551086426","11946","11939","11953","3.7347917556762695","3.7263894081115723","3.7391927242279053","12789","12782","12796","3.8401793837547302","3.8277440071105957","3.846780300140381","11948","11941","11955"
"663","3.7052123844623566","3.7005887031555176","3.7076339721679688","11962","11955","11969","3.7181785702705383","3.71384596824646","3.721487522125244","11962","11955","11969","3.7347503304481506","3.731297016143799","3.739133834838867","12805","12798","12812","3.8395240008831024","3.8353991508483887","3.846043586730957","11964","11957","11971"
"664","3.702848583459854","3.6997573375701904","3.7055716514587402","11978","11971","11985","3.7166865468025208","3.712496757507324","3.7199621200561523","11978","11971","11985","3.732516646385193","3.72788667678833","3.7366204261779785","12821","12814","12828","3.8375082314014435","3.8313686847686768","3.8419137001037598","11980","11973","11987"
"665","3.7053266763687134","3.7008917331695557","3.7097907066345215","11994","11987","12001","3.718991994857788","3.7140274047851562","3.7238476276397705","11994","11987","12001","3.7341102361679077","3.7293546199798584","3.738935947418213","12837","12830","12844","3.8390751779079437","3.833768606185913","3.8425588607788086","11996","11989","12003"
"666","3.706031935555594","3.703019618988037","3.710822105407715","12009","12003","12015","3.7191865103585378","3.716405153274536","3.7241170406341553","12009","12003","12015","3.7353275503431047","3.731505870819092","3.7406930923461914","12852","12846","12858","3.839649098260062","3.8365867137908936","3.8465218544006348","12011","12005","12017"
"667","3.7037906646728516","3.6992921829223633","3.7076315879821777","12024","12017","12031","3.71682009100914","3.71176815032959","3.721397876739502","12024","12017","12031","3.733106404542923","3.729300022125244","3.737243175506592","12867","12860","12874","3.8376714885234833","3.8312485218048096","3.8425729274749756","12026","12019","12033"
"668","3.7041492462158203","3.699460506439209","3.7090659141540527","12040","12033","12047","3.7174684703350067","3.7101612091064453","3.7257909774780273","12040","12033","12047","3.73408305644989","3.727484703063965","3.741849899291992","12883","12876","12890","3.8381958603858948","3.827242612838745","3.845543146133423","12042","12035","12049"
"669","3.704217702150345","3.697355270385742","3.7090868949890137","12056","12049","12063","3.7190449237823486","3.713496685028076","3.723839044570923","12056","12049","12063","3.734764516353607","3.7274856567382812","3.741269588470459","12899","12892","12906","3.8400146067142487","3.835338592529297","3.8449933528900146","12058","12051","12065"
"670","3.703547775745392","3.69844913482666","3.7083585262298584","12072","12065","12079","3.7170359790325165","3.712141990661621","3.7216391563415527","12072","12065","12079","3.7338355779647827","3.7271647453308105","3.7385802268981934","12915","12908","12922","3.8382165729999542","3.8326635360717773","3.8455324172973633","12074","12067","12081"
"671","3.7036361694335938","3.6966824531555176","3.710127592086792","12088","12081","12095","3.717491924762726","3.710069179534912","3.7244207859039307","12088","12081","12095","3.7339260578155518","3.725221633911133","3.741117477416992","12931","12924","12938","3.8384856283664703","3.831406831741333","3.8486433029174805","12090","12083","12097"
"672","3.7034658023289273","3.696293354034424","3.7082056999206543","12103","12097","12109","3.718149866376604","3.713144540786743","3.72267746925354","12103","12097","12109","3.734579529081072","3.7278645038604736","3.739515542984009","12946","12940","12952","3.8390912328447615","3.8297300338745117","3.8434040546417236","12105","12099","12111"
"673","3.702021598815918","3.6975269317626953","3.7087063789367676","12118","12111","12125","3.7161484360694885","3.712048053741455","3.7224504947662354","12118","12111","12125","3.7318443059921265","3.72629976272583","3.7371697425842285","12961","12954","12968","3.836650013923645","3.8278398513793945","3.8469109535217285","12120","12113","12127"
"674","3.7055021822452545","3.701659679412842","3.709628105163574","12134","12127","12141","3.7198910415172577","3.7153139114379883","3.726384401321411","12134","12127","12141","3.7360468208789825","3.7319536209106445","3.7428340911865234","12977","12970","12984","3.8399603068828583","3.8326430320739746","3.849473714828491","12136","12129","12143"
"675","3.7048642337322235","3.70222544670105","3.7092626094818115","12211","12204","12218","3.718472480773926","3.714869499206543","3.723459243774414","12211","12204","12218","3.734686493873596","3.7303214073181152","3.7396960258483887","13054","13047","13061","3.8381787538528442","3.831817626953125","3.8462867736816406","12213","12206","12220"
"676","3.7041324079036713","3.7012171745300293","3.708648443222046","12227","12220","12234","3.7185530364513397","3.712707996368408","3.7244582176208496","12227","12220","12234","3.7342650294303894","3.7281439304351807","3.738753318786621","13070","13063","13077","3.8394742906093597","3.827969551086426","3.8457484245300293","12229","12222","12236"
"677","3.7053213119506836","3.702554225921631","3.7085676193237305","12242","12236","12248","3.7192440032958984","3.716151237487793","3.72127103805542","12242","12236","12248","3.7355029923575267","3.7325217723846436","3.739849328994751","13085","13079","13091","3.8397796154022217","3.836181402206421","3.8437328338623047","12244","12238","12250"
"678","3.7047503292560577","3.702042579650879","3.709958553314209","12257","12250","12264","3.7189332246780396","3.7154195308685303","3.725187301635742","12257","12250","12264","3.734826982021332","3.73079252243042","3.739150047302246","13100","13093","13107","3.837529242038727","3.8340396881103516","3.840665340423584","12259","12252","12266"
"679","3.7033604979515076","3.6995797157287598","3.711005210876465","12273","12266","12280","3.718053489923477","3.713825225830078","3.72721004486084","12273","12266","12280","3.7341330647468567","3.7304954528808594","3.7415199279785156","13116","13109","13123","3.8388203978538513","3.8346784114837646","3.849130630493164","12275","12268","12282"
"680","3.702623277902603","3.6962904930114746","3.709167003631592","12289","12282","12296","3.717926412820816","3.710745334625244","3.7239837646484375","12289","12282","12296","3.733879327774048","3.72892427444458","3.737711191177368","13132","13125","13139","3.838015705347061","3.833282470703125","3.841830015182495","12291","12284","12298"
"681","3.7020437121391296","3.6970136165618896","3.709608316421509","12305","12298","12312","3.716841846704483","3.711026191711426","3.7244813442230225","12305","12298","12312","3.7324633300304413","3.7273502349853516","3.7385053634643555","13148","13141","13155","3.836992859840393","3.8331141471862793","3.8444879055023193","12307","12300","12314"
"682","3.7035395205020905","3.69864559173584","3.707797050476074","12321","12314","12328","3.7184561491012573","3.7136483192443848","3.7228846549987793","12321","12314","12328","3.7342709004879","3.7287685871124268","3.737969398498535","13164","13157","13171","3.8379613161087036","3.830507278442383","3.842898368835449","12323","12316","12330"
"683","3.700927632195609","3.697096347808838","3.704012870788574","12336","12330","12342","3.716266087123326","3.712348699569702","3.7199854850769043","12336","12330","12342","3.731779030391148","3.726837396621704","3.7377631664276123","13179","13173","13185","3.8357647827693393","3.8278369903564453","3.840817451477051","12338","12332","12344"
"684","3.7032428979873657","3.6972999572753906","3.706319808959961","12351","12344","12358","3.717939466238022","3.710939884185791","3.721165657043457","12351","12344","12358","3.7336414754390717","3.727877378463745","3.73691463470459","13194","13187","13201","3.838436037302017","3.8318238258361816","3.8422107696533203","12353","12346","12360"
"685","3.702640324831009","3.6983468532562256","3.7056162357330322","12367","12360","12374","3.7172305285930634","3.7113242149353027","3.7212576866149902","12367","12360","12374","3.732837438583374","3.7275853157043457","3.735945701599121","13210","13203","13217","3.837511330842972","3.83162784576416","3.8411049842834473","12369","12362","12376"
"686","3.7010835111141205","3.6987667083740234","3.7034554481506348","12383","12376","12390","3.7160854637622833","3.7143659591674805","3.717606544494629","12383","12376","12390","3.7315455973148346","3.729034662246704","3.733527660369873","13226","13219","13233","3.8353487253189087","3.830915927886963","3.837792158126831","12385","12378","12392"
"687","3.702770322561264","3.698029041290283","3.707979202270508","12399","12392","12406","3.717530906200409","3.7127370834350586","3.724062919616699","12399","12392","12406","3.7329966127872467","3.7284488677978516","3.738257884979248","13242","13235","13249","3.8361838459968567","3.830353260040283","3.8419699668884277","12401","12394","12408"
"688","3.699864489691598","3.697486639022827","3.702504873275757","12414","12408","12420","3.715083156313215","3.713214874267578","3.7176859378814697","12414","12408","12420","3.7311131272997176","3.727304458618164","3.735219717025757","13257","13251","13263","3.8336496353149414","3.8302574157714844","3.8368935585021973","12416","12410","12422"
"689","3.7035393118858337","3.698413848876953","3.710263252258301","12429","12422","12436","3.7186041176319122","3.713809013366699","3.7241296768188477","12429","12422","12436","3.7347822189331055","3.729308605194092","3.739513874053955","13272","13265","13279","3.838079482316971","3.8336524963378906","3.8422656059265137","12431","12424","12438"
"690","3.7013972997665405","3.6981987953186035","3.7053065299987793","12445","12438","12452","3.716443419456482","3.711416006088257","3.7216596603393555","12445","12438","12452","3.7325125336647034","3.725356101989746","3.7377614974975586","13288","13281","13295","3.8345794081687927","3.829549789428711","3.8383193016052246","12447","12440","12454"
"691","3.700777381658554","3.6940255165100098","3.7054734230041504","12461","12454","12468","3.7160600423812866","3.711771011352539","3.7199180126190186","12461","12454","12468","3.731807976961136","3.726952075958252","3.7353601455688477","13304","13297","13311","3.833809733390808","3.8302395343780518","3.8370118141174316","12463","12456","12470"
"692","3.7020527124404907","3.6966094970703125","3.7063710689544678","12477","12470","12484","3.7170716524124146","3.711217164993286","3.721179962158203","12477","12470","12484","3.7329693734645844","3.7278332710266113","3.7386207580566406","13320","13313","13327","3.8361490070819855","3.8323845863342285","3.8428750038146973","12479","12472","12486"
"693","3.6999406218528748","3.6948394775390625","3.704477310180664","12493","12486","12500","3.7160949409008026","3.711268901824951","3.719372272491455","12493","12486","12500","3.7311421036720276","3.725621223449707","3.735703468322754","13336","13329","13343","3.8354536592960358","3.8292477130889893","3.8404178619384766","12495","12488","12502"
"694","3.702847753252302","3.69929838180542","3.7103190422058105","12508","12502","12514","3.7184657709939137","3.7151434421539307","3.7245616912841797","12508","12502","12514","3.7345161778586253","3.7325987815856934","3.7382795810699463","13351","13345","13357","3.8380963121141707","3.8341064453125","3.842957019805908","12510","12504","12516"
"695","3.7039017975330353","3.6983859539031982","3.7077865600585938","12523","12516","12530","3.7191460132598877","3.714813709259033","3.7226736545562744","12523","12516","12530","3.7344301342964172","3.7283527851104736","3.7397639751434326","13366","13359","13373","3.836360275745392","3.831803321838379","3.841614246368408","12525","12518","12532"
"696","3.700071334838867","3.69649076461792","3.704178810119629","12539","12532","12546","3.7151125073432922","3.7121853828430176","3.719024658203125","12539","12532","12546","3.7307788133621216","3.729236364364624","3.7337844371795654","13382","13375","13389","3.8345162868499756","3.8320071697235107","3.8387300968170166","12541","12534","12548"
"697","3.701048731803894","3.6981430053710938","3.7048497200012207","12555","12548","12562","3.7164058685302734","3.713120698928833","3.720266819000244","12555","12548","12562","3.7317605912685394","3.7250349521636963","3.7354695796966553","13398","13391","13405","3.835687607526779","3.829281806945801","3.8384451866149902","12557","12550","12564"
"698","3.7002262473106384","3.696531295776367","3.70871639251709","12571","12564","12578","3.7158930599689484","3.71177339553833","3.7248897552490234","12571","12564","12578","3.7327255606651306","3.7272539138793945","3.742475748062134","13414","13407","13421","3.835765779018402","3.828589916229248","3.84835147857666","12573","12566","12580"
"699","3.701058179140091","3.6963400840759277","3.706571578979492","12587","12580","12594","3.7170934081077576","3.7114686965942383","3.722548007965088","12587","12580","12594","3.7328990697860718","3.7286789417266846","3.740784168243408","13430","13423","13437","3.835732936859131","3.829268455505371","3.842684030532837","12589","12582","12596"
"700","3.7003117288861955","3.6956043243408203","3.702975034713745","12663","12657","12669","3.7163466044834683","3.7101011276245117","3.7196478843688965","12663","12657","12669","3.7312043053763255","3.726933479309082","3.7349369525909424","13506","13500","13512","3.8342130524771556","3.830805778503418","3.837892532348633","12665","12659","12671"
"701","3.6988748908042908","3.6931934356689453","3.704249858856201","12678","12671","12685","3.7150043845176697","3.7076468467712402","3.721762180328369","12678","12671","12685","3.731220543384552","3.723198175430298","3.7372841835021973","13521","13514","13528","3.8331574499607086","3.827040433883667","3.8379292488098145","12680","12673","12687"
"702","3.702925741672516","3.699197769165039","3.708226442337036","12694","12687","12701","3.720521092414856","3.7165560722351074","3.7247300148010254","12694","12687","12701","3.735917866230011","3.7327661514282227","3.740941047668457","13537","13530","13544","3.8397361636161804","3.8366599082946777","3.8459672927856445","12696","12689","12703"
"703","3.6994380950927734","3.695636510848999","3.7032222747802734","12710","12703","12717","3.715554714202881","3.7114362716674805","3.720099687576294","12710","12703","12717","3.7319692075252533","3.72684383392334","3.737886428833008","13553","13546","13560","3.832861840724945","3.8280272483825684","3.8432130813598633","12712","12705","12719"
"704","3.7006514966487885","3.6928491592407227","3.70792293548584","12726","12719","12733","3.717259258031845","3.7096798419952393","3.724661111831665","12726","12719","12733","3.732807010412216","3.724851608276367","3.74080753326416","13569","13562","13576","3.8341938257217407","3.827519655227661","3.8424618244171143","12728","12721","12735"
"705","3.6994749137333462","3.695096015930176","3.7061028480529785","12741","12735","12747","3.716672454561506","3.7116031646728516","3.7226314544677734","12741","12735","12747","3.7334738118307933","3.7286317348480225","3.7405261993408203","13584","13578","13590","3.8363291876656667","3.831259250640869","3.84393048286438","12743","12737","12749"
"706","3.6993376910686493","3.691481113433838","3.7082228660583496","12756","12749","12763","3.7156317830085754","3.7075634002685547","3.7227001190185547","12756","12749","12763","3.732634574174881","3.7264204025268555","3.739248752593994","13599","13592","13606","3.835720956325531","3.826497793197632","3.8441662788391113","12758","12751","12765"
"707","3.7024358212947845","3.6977686882019043","3.7106356620788574","12772","12765","12779","3.719307631254196","3.715430974960327","3.728142738342285","12772","12765","12779","3.7348386347293854","3.729783058166504","3.7428998947143555","13615","13608","13622","3.837125539779663","3.828700304031372","3.8474972248077393","12774","12767","12781"
"708","3.700821816921234","3.6984238624572754","3.7050843238830566","12788","12781","12795","3.7173480689525604","3.7137978076934814","3.7225403785705566","12788","12781","12795","3.7338081896305084","3.729260206222534","3.7398343086242676","13631","13624","13638","3.836441397666931","3.8311548233032227","3.8419382572174072","12790","12783","12797"
"709","3.701259434223175","3.6977195739746094","3.7046704292297363","12804","12797","12811","3.7173943519592285","3.712826728820801","3.7211849689483643","12804","12797","12811","3.7333647310733795","3.7307915687561035","3.7359707355499268","13647","13640","13654","3.833920568227768","3.8275725841522217","3.838014602661133","12806","12799","12813"
"710","3.7018047869205475","3.697957754135132","3.7054052352905273","12820","12813","12827","3.718623995780945","3.7142045497894287","3.7219154834747314","12820","12813","12827","3.7355841994285583","3.7305142879486084","3.7380895614624023","13663","13656","13670","3.8368099629879","3.8245346546173096","3.842689275741577","12822","12815","12829"
"711","3.6995106765202115","3.6947131156921387","3.7044384479522705","12835","12829","12841","3.716740131378174","3.7128193378448486","3.7234702110290527","12835","12829","12841","3.7332965987069264","3.728363037109375","3.739612579345703","13678","13672","13684","3.8346377100263322","3.8313748836517334","3.8395495414733887","12837","12831","12843"
"712","3.6989138424396515","3.6969430446624756","3.7016549110412598","12850","12843","12857","3.7166512608528137","3.714015483856201","3.7217721939086914","12850","12843","12857","3.7319441735744476","3.7287189960479736","3.735671043395996","13693","13686","13700","3.8333567082881927","3.830002784729004","3.840623378753662","12852","12845","12859"
"713","3.699509769678116","3.695662021636963","3.7019429206848145","12866","12859","12873","3.7170587480068207","3.7126426696777344","3.7197957038879395","12866","12859","12873","3.733247011899948","3.72945237159729","3.736039638519287","13709","13702","13716","3.83444881439209","3.827993154525757","3.838183879852295","12868","12861","12875"
"714","3.6987339556217194","3.6942365169525146","3.70184326171875","12882","12875","12889","3.716084748506546","3.7106573581695557","3.722362995147705","12882","12875","12889","3.7322922945022583","3.725693702697754","3.738663911819458","13725","13718","13732","3.833193004131317","3.8279271125793457","3.842154026031494","12884","12877","12891"
"715","3.699434459209442","3.6954798698425293","3.7039856910705566","12898","12891","12905","3.7172976434230804","3.712404727935791","3.721162796020508","12898","12891","12905","3.7340488731861115","3.728888988494873","3.7379229068756104","13741","13734","13748","3.8346733152866364","3.8265256881713867","3.841677665710449","12900","12893","12907"
"716","3.6972354480198453","3.6920361518859863","3.701137065887451","12913","12907","12919","3.713960817881993","3.7111990451812744","3.7164111137390137","12913","12907","12919","3.730822971888951","3.7260749340057373","3.734480619430542","13756","13750","13762","3.830561740057809","3.8250396251678467","3.835148811340332","12915","12909","12921"
"717","3.697163313627243","3.695331573486328","3.700411319732666","12928","12921","12935","3.7154488563537598","3.7128286361694336","3.718630790710449","12928","12921","12935","3.7311628460884094","3.7267568111419678","3.736664056777954","13771","13764","13778","3.834480255842209","3.8275370597839355","3.839509963989258","12930","12923","12937"
"718","3.700047880411148","3.6940255165100098","3.7043635845184326","12944","12937","12951","3.718532919883728","3.711451530456543","3.7240076065063477","12944","12937","12951","3.7338955998420715","3.729898452758789","3.7396457195281982","13787","13780","13794","3.8344698548316956","3.83058500289917","3.842168092727661","12946","12939","12953"
"719","3.69779309630394","3.6941909790039062","3.699885368347168","12960","12953","12967","3.7165007889270782","3.7106680870056152","3.7195656299591064","12960","12953","12967","3.7330277264118195","3.725433588027954","3.7367000579833984","13803","13796","13810","3.8331483900547028","3.8274757862091064","3.8396992683410645","12962","12955","12969"
"720","3.6961889564990997","3.693183422088623","3.698190212249756","12976","12969","12983","3.7144758105278015","3.7116081714630127","3.7189483642578125","12976","12969","12983","3.7296255826950073","3.727301836013794","3.73376202583313","13819","13812","13826","3.830352872610092","3.8286681175231934","3.834873914718628","12978","12971","12985"
"721","3.6992390155792236","3.693803310394287","3.703293800354004","12992","12985","12999","3.7169300615787506","3.7136712074279785","3.7213821411132812","12992","12985","12999","3.7329182028770447","3.7286012172698975","3.7363333702087402","13835","13828","13842","3.8352313339710236","3.8291053771972656","3.8410730361938477","12994","12987","13001"
"722","3.7000696999686107","3.691256523132324","3.7061362266540527","13007","13001","13013","3.7179674421037947","3.7108888626098633","3.7244105339050293","13007","13001","13013","3.7339227540152415","3.7271642684936523","3.7409467697143555","13850","13844","13856","3.834603956767491","3.8283119201660156","3.840716600418091","13009","13003","13015"
"723","3.6964733600616455","3.6918110847473145","3.6991357803344727","13022","13015","13029","3.714593857526779","3.7107787132263184","3.7176737785339355","13022","13015","13029","3.7314515113830566","3.726909637451172","3.7368483543395996","13865","13858","13872","3.83046692609787","3.823667049407959","3.8341925144195557","13024","13017","13031"
"724","3.6993105113506317","3.6953935623168945","3.7043519020080566","13038","13031","13045","3.7176713347434998","3.7142229080200195","3.7231950759887695","13038","13031","13045","3.7342482805252075","3.7291312217712402","3.7384424209594727","13881","13874","13888","3.8342125713825226","3.829317569732666","3.8401541709899902","13040","13033","13047"
"725","3.69687557220459","3.6931447982788086","3.700326442718506","13115","13108","13122","3.715468615293503","3.7112488746643066","3.7200372219085693","13115","13108","13122","3.732722818851471","3.7258810997009277","3.741311550140381","13958","13951","13965","3.8326851427555084","3.824580669403076","3.8410043716430664","13117","13110","13124"
"726","3.6971354484558105","3.6924500465393066","3.7014918327331543","13131","13124","13138","3.7158161401748657","3.7106871604919434","3.7223048210144043","13131","13124","13138","3.73254132270813","3.728257656097412","3.737968921661377","13974","13967","13981","3.831928551197052","3.8251869678497314","3.8403680324554443","13133","13126","13140"
"727","3.697868210928781","3.6918630599975586","3.704709053039551","13146","13140","13152","3.717266014644078","3.714444637298584","3.722883701324463","13146","13140","13152","3.732804468699864","3.7280707359313965","3.7387285232543945","13989","13983","13995","3.83368148122515","3.828907012939453","3.8414831161499023","13148","13142","13154"
"728","3.695806384086609","3.691751003265381","3.7007040977478027","13161","13154","13168","3.71476674079895","3.7107791900634766","3.718660831451416","13161","13154","13168","3.7309150397777557","3.7272696495056152","3.7343757152557373","14004","13997","14011","3.8319422006607056","3.826781988143921","3.835761308670044","13163","13156","13170"
"729","3.6956970393657684","3.691962957382202","3.698514223098755","13177","13170","13184","3.7148250341415405","3.7104744911193848","3.7173614501953125","13177","13170","13184","3.7318160831928253","3.7274250984191895","3.7351553440093994","14020","14013","14027","3.832159787416458","3.824615001678467","3.8400564193725586","13179","13172","13186"
"730","3.6960874795913696","3.6893625259399414","3.7063608169555664","13193","13186","13200","3.7149903774261475","3.7099456787109375","3.723043441772461","13193","13186","13200","3.7314416766166687","3.726778268814087","3.7365474700927734","14036","14029","14043","3.8301343619823456","3.825721263885498","3.839926242828369","13195","13188","13202"
"731","3.696839064359665","3.691683292388916","3.7010490894317627","13209","13202","13216","3.71524178981781","3.708393096923828","3.7199583053588867","13209","13202","13216","3.731449544429779","3.7265617847442627","3.7346487045288086","14052","14045","14059","3.8300842940807343","3.826772451400757","3.836094856262207","13211","13204","13218"
"732","3.695551425218582","3.69039249420166","3.701663017272949","13225","13218","13232","3.716297924518585","3.708562135696411","3.7205209732055664","13225","13218","13232","3.7329081594944","3.728069305419922","3.7369279861450195","14068","14061","14075","3.832436352968216","3.826796770095825","3.837996482849121","13227","13220","13234"
"733","3.696350199835641","3.6921753883361816","3.699112892150879","13240","13234","13246","3.7160013062613353","3.7138922214508057","3.7188565731048584","13240","13234","13246","3.732036760875157","3.7294962406158447","3.735164165496826","14083","14077","14089","3.8322790690830777","3.829334259033203","3.83665132522583","13242","13236","13248"
"734","3.6956149339675903","3.687979221343994","3.7048890590667725","13255","13248","13262","3.7158979773521423","3.70729923248291","3.723057508468628","13255","13248","13262","3.731930196285248","3.7220053672790527","3.73899507522583","14098","14091","14105","3.8329296708106995","3.823972702026367","3.8390069007873535","13257","13250","13264"
"735","3.694097250699997","3.6827969551086426","3.6998510360717773","13271","13264","13278","3.713365137577057","3.7028722763061523","3.7190065383911133","13271","13264","13278","3.729704111814499","3.719109058380127","3.737182140350342","14114","14107","14121","3.8294016122817993","3.820937395095825","3.833955764770508","13273","13266","13280"
"736","3.694803386926651","3.6903862953186035","3.696484327316284","13287","13280","13294","3.7146619260311127","3.7107491493225098","3.7167789936065674","13287","13280","13294","3.730598509311676","3.727109432220459","3.733612537384033","14130","14123","14137","3.8313240706920624","3.8277885913848877","3.834977626800537","13289","13282","13296"
"737","3.695501387119293","3.6858584880828857","3.701979875564575","13303","13296","13310","3.7151991426944733","3.7051334381103516","3.720608711242676","13303","13296","13310","3.7311781644821167","3.7209205627441406","3.7367234230041504","14146","14139","14153","3.8313708901405334","3.8199777603149414","3.838737726211548","13305","13298","13312"
"738","3.6946866512298584","3.6872572898864746","3.703707695007324","13318","13312","13324","3.7154220853533064","3.70943546295166","3.7234363555908203","13318","13312","13324","3.7329418318612233","3.728997230529785","3.739271640777588","14161","14155","14167","3.830832140786307","3.8251142501831055","3.8379158973693848","13320","13314","13326"
"739","3.692823112010956","3.689227342605591","3.69769024848938","13333","13326","13340","3.7131914496421814","3.709608316421509","3.716186046600342","13333","13326","13340","3.7287051677703857","3.7249295711517334","3.7320189476013184","14176","14169","14183","3.8285712897777557","3.82533597946167","3.8328351974487305","13335","13328","13342"
"740","3.6937920451164246","3.6895699501037598","3.7002696990966797","13349","13342","13356","3.715100347995758","3.7113122940063477","3.7200613021850586","13349","13342","13356","3.730276107788086","3.7273764610290527","3.734229803085327","14192","14185","14199","3.830931603908539","3.825685977935791","3.8332953453063965","13351","13344","13358"
"741","3.6973899006843567","3.6935768127441406","3.702108860015869","13365","13358","13372","3.71848526597023","3.715467929840088","3.722869873046875","13365","13358","13372","3.734218031167984","3.7311878204345703","3.7393851280212402","14208","14201","14215","3.8339045345783234","3.8293404579162598","3.837399482727051","13367","13360","13374"
"742","3.695499539375305","3.6902127265930176","3.697577476501465","13381","13374","13388","3.7160728871822357","3.712733268737793","3.7185213565826416","13381","13374","13388","3.732653260231018","3.729321002960205","3.735499143600464","14224","14217","14231","3.833081007003784","3.8291878700256348","3.8376660346984863","13383","13376","13390"
"743","3.695494830608368","3.688304901123047","3.699733257293701","13397","13390","13404","3.715893179178238","3.711576461791992","3.7214393615722656","13397","13390","13404","3.732380837202072","3.72871732711792","3.73837947845459","14240","14233","14247","3.831716299057007","3.8280885219573975","3.836460590362549","13399","13392","13406"
"744","3.6943577357700894","3.6884193420410156","3.6983768939971924","13412","13406","13418","3.716108424322946","3.7074666023254395","3.7200050354003906","13412","13406","13418","3.731648785727365","3.7227044105529785","3.7367000579833984","14255","14249","14261","3.831488983971732","3.82338547706604","3.8372397422790527","13414","13408","13420"
"745","3.6947491466999054","3.6906423568725586","3.698220729827881","13427","13420","13434","3.716885060071945","3.71127986907959","3.7195568084716797","13427","13420","13434","3.733638346195221","3.727872371673584","3.737682580947876","14270","14263","14277","3.832066297531128","3.826322317123413","3.838212013244629","13429","13422","13436"
"746","3.6928203999996185","3.687809705734253","3.696894884109497","13443","13436","13450","3.714740127325058","3.7109241485595703","3.7177281379699707","13443","13436","13450","3.7306579649448395","3.7270970344543457","3.7339792251586914","14286","14279","14293","3.8288367688655853","3.822880744934082","3.8364176750183105","13445","13438","13452"
"747","3.6932964622974396","3.6904451847076416","3.6963582038879395","13459","13452","13466","3.715195655822754","3.7124457359313965","3.721796989440918","13459","13452","13466","3.7319619059562683","3.7289230823516846","3.7357380390167236","14302","14295","14309","3.8307177126407623","3.827476739883423","3.8370039463043213","13461","13454","13468"
"748","3.695042669773102","3.6818137168884277","3.700648784637451","13475","13468","13482","3.7183023393154144","3.7042088508605957","3.726180076599121","13475","13468","13482","3.7345447540283203","3.719236373901367","3.741692066192627","14318","14311","14325","3.8344787657260895","3.8208281993865967","3.84018874168396","13477","13470","13484"
"749","3.694803923368454","3.6908316612243652","3.699906349182129","13491","13484","13498","3.7150529623031616","3.709157943725586","3.719188928604126","13491","13484","13498","3.7313656210899353","3.726149797439575","3.7361907958984375","14334","14327","14341","3.828032672405243","3.821708917617798","3.832198143005371","13493","13486","13500"
"750","3.691885607583182","3.684642791748047","3.6949548721313477","13567","13561","13573","3.7139783586774553","3.707730770111084","3.7172608375549316","13567","13561","13573","3.7309201785496304","3.723935127258301","3.7348198890686035","14410","14404","14416","3.8280883516584123","3.820786476135254","3.83229923248291","13569","13563","13575"
"751","3.691915214061737","3.6846160888671875","3.696413516998291","13582","13575","13589","3.7140661776065826","3.706906318664551","3.71757435798645","13582","13575","13589","3.729915827512741","3.7233686447143555","3.7340855598449707","14425","14418","14432","3.8286653757095337","3.8190932273864746","3.833369255065918","13584","13577","13591"
"752","3.6953242421150208","3.6899163722991943","3.7014284133911133","13598","13591","13605","3.716996729373932","3.7120189666748047","3.7206404209136963","13598","13591","13605","3.733431249856949","3.727548599243164","3.738536834716797","14441","14434","14448","3.8310428261756897","3.8239312171936035","3.83781099319458","13600","13593","13607"
"753","3.6930051743984222","3.6862311363220215","3.6984143257141113","13614","13607","13621","3.7161361277103424","3.707430839538574","3.72238826751709","13614","13607","13621","3.732840210199356","3.724372386932373","3.738455295562744","14457","14450","14464","3.8317545652389526","3.8285610675811768","3.836860179901123","13616","13609","13623"
"754","3.693364828824997","3.6897802352905273","3.6988792419433594","13630","13623","13637","3.714962363243103","3.7088441848754883","3.7236757278442383","13630","13623","13637","3.732014387845993","3.7254772186279297","3.7390642166137695","14473","14466","14480","3.8293515145778656","3.819183111190796","3.83864164352417","13632","13625","13639"
"755","3.689826420375279","3.6858255863189697","3.6927783489227295","13645","13639","13651","3.7113674708775113","3.7069427967071533","3.7166051864624023","13645","13639","13651","3.727645124707903","3.722058057785034","3.7337377071380615","14488","14482","14494","3.82669837134225","3.822704315185547","3.8329949378967285","13647","13641","13653"
"756","3.691287010908127","3.6870839595794678","3.6940791606903076","13660","13653","13667","3.7149578034877777","3.706242322921753","3.7181763648986816","13660","13653","13667","3.732281118631363","3.724006175994873","3.7360217571258545","14503","14496","14510","3.8316996097564697","3.821347713470459","3.8388686180114746","13662","13655","13669"
"757","3.691572666168213","3.68434739112854","3.6979870796203613","13676","13669","13683","3.715733379125595","3.7089006900787354","3.7206082344055176","13676","13669","13683","3.732014238834381","3.7253761291503906","3.738165855407715","14519","14512","14526","3.8313348293304443","3.8222272396087646","3.8393774032592773","13678","13671","13685"
"758","3.690853536128998","3.6857962608337402","3.696176290512085","13692","13685","13699","3.7145831882953644","3.710853099822998","3.718641996383667","13692","13685","13699","3.7310434579849243","3.7283153533935547","3.7346670627593994","14535","14528","14542","3.8279730677604675","3.8233108520507812","3.8337056636810303","13694","13687","13701"
"759","3.6904896795749664","3.6861801147460938","3.695432186126709","13708","13701","13715","3.714507520198822","3.7111973762512207","3.719022274017334","13708","13701","13715","3.730384111404419","3.7273764610290527","3.735271692276001","14551","14544","14558","3.8285088539123535","3.8243417739868164","3.8324174880981445","13710","13703","13717"
"760","3.6925896406173706","3.684110403060913","3.6986656188964844","13724","13717","13731","3.716170907020569","3.710991382598877","3.721409797668457","13724","13717","13731","3.7320487797260284","3.7256083488464355","3.7371561527252197","14567","14560","14574","3.8293870389461517","3.8241045475006104","3.836772918701172","13726","13719","13733"
"761","3.689389331000192","3.6869945526123047","3.69191312789917","13739","13733","13745","3.7135694367544994","3.711902141571045","3.71565580368042","13739","13733","13745","3.7301504952566966","3.727283000946045","3.734295129776001","14582","14576","14588","3.828177043369838","3.8232381343841553","3.8323545455932617","13741","13735","13747"
"762","3.6911229491233826","3.6870265007019043","3.6933224201202393","13754","13747","13761","3.7147278487682343","3.7107691764831543","3.7206435203552246","13754","13747","13761","3.7307016849517822","3.72658371925354","3.73564076423645","14597","14590","14604","3.827782243490219","3.822193145751953","3.8337759971618652","13756","13749","13763"
"763","3.690414398908615","3.6864070892333984","3.6944501399993896","13770","13763","13777","3.715818703174591","3.711655616760254","3.7209997177124023","13770","13763","13777","3.732819050550461","3.729109764099121","3.736877202987671","14613","14606","14620","3.830283761024475","3.824822425842285","3.8348660469055176","13772","13765","13779"
"764","3.6892270743846893","3.6817429065704346","3.6942994594573975","13786","13779","13793","3.713766723871231","3.7070980072021484","3.7196478843688965","13786","13779","13793","3.730178624391556","3.7240848541259766","3.735555410385132","14629","14622","14636","3.8289806246757507","3.819990873336792","3.837249517440796","13788","13781","13795"
"765","3.69073548913002","3.6860404014587402","3.6969497203826904","13802","13795","13809","3.7154701948165894","3.7119216918945312","3.7214250564575195","13802","13795","13809","3.730820655822754","3.7275328636169434","3.7353241443634033","14645","14638","14652","3.830522060394287","3.8261191844940186","3.837635040283203","13804","13797","13811"
"766","3.68963953426906","3.6838455200195312","3.6943507194519043","13817","13811","13823","3.7136084011622836","3.7068724632263184","3.7183518409729004","13817","13811","13823","3.7297725336892262","3.72493314743042","3.7338414192199707","14660","14654","14666","3.8276519094194685","3.820209503173828","3.8337202072143555","13819","13813","13825"
"767","3.6891699731349945","3.6835527420043945","3.7031118869781494","13832","13825","13839","3.7153601348400116","3.7075958251953125","3.725184440612793","13832","13825","13839","3.732185572385788","3.7222208976745605","3.7419631481170654","14675","14668","14682","3.8299907445907593","3.8193724155426025","3.840576171875","13834","13827","13841"
"768","3.692258268594742","3.688361406326294","3.696359157562256","13848","13841","13855","3.7172442376613617","3.712430000305176","3.7216296195983887","13848","13841","13855","3.7335426807403564","3.7288074493408203","3.7393691539764404","14691","14684","14698","3.831168830394745","3.8250722885131836","3.8420071601867676","13850","13843","13857"
"769","3.690482497215271","3.685253143310547","3.694309949874878","13864","13857","13871","3.714348167181015","3.708887815475464","3.7198150157928467","13864","13857","13871","3.729939103126526","3.7261040210723877","3.7357330322265625","14707","14700","14714","3.8264643847942352","3.8210525512695312","3.834853410720825","13866","13859","13873"
"770","3.688701182603836","3.6848320960998535","3.6918601989746094","13880","13873","13887","3.7125943899154663","3.708857536315918","3.7163665294647217","13880","13873","13887","3.7292809784412384","3.723954677581787","3.7340402603149414","14723","14716","14730","3.8259209394454956","3.821533203125","3.828622341156006","13882","13875","13889"
"771","3.689727306365967","3.683736562728882","3.6944029331207275","13896","13889","13903","3.715335577726364","3.7095518112182617","3.717679262161255","13896","13889","13903","3.7317002415657043","3.7265238761901855","3.737241744995117","14739","14732","14746","3.8288166224956512","3.8227109909057617","3.832505702972412","13898","13891","13905"
"772","3.688121931893485","3.682671546936035","3.692178249359131","13911","13905","13917","3.7143166405814037","3.709627628326416","3.717911720275879","13911","13905","13917","3.7298742703029086","3.724763870239258","3.733433723449707","14754","14748","14760","3.827300548553467","3.8245067596435547","3.831350326538086","13913","13907","13919"
"773","3.685599058866501","3.681720733642578","3.692244052886963","13926","13919","13933","3.713033765554428","3.708496570587158","3.722149610519409","13926","13919","13933","3.7291931807994843","3.7237930297851562","3.7384896278381348","14769","14762","14776","3.8272246420383453","3.823301076889038","3.8366122245788574","13928","13921","13935"
"774","3.6887379586696625","3.6846463680267334","3.694091796875","13942","13935","13949","3.7138949632644653","3.7113821506500244","3.717580795288086","13942","13935","13949","3.7307461500167847","3.7293922901153564","3.733055353164673","14785","14778","14792","3.8262844383716583","3.823232412338257","3.8294029235839844","13944","13937","13951"
"775","3.6877517998218536","3.683340549468994","3.6963753700256348","14019","14012","14026","3.7129296362400055","3.7069005966186523","3.71885085105896","14019","14012","14026","3.729893982410431","3.722899913787842","3.734912872314453","14862","14855","14869","3.826292246580124","3.8183867931365967","3.832023859024048","14021","14014","14028"
"776","3.686068147420883","3.6823225021362305","3.6892874240875244","14035","14028","14042","3.7129211127758026","3.7086875438690186","3.7178239822387695","14035","14028","14042","3.7304882407188416","3.7253403663635254","3.7336065769195557","14878","14871","14885","3.827108383178711","3.8201661109924316","3.836238384246826","14037","14030","14044"
"777","3.6882553100585938","3.6776726245880127","3.6917638778686523","14050","14044","14056","3.714933054787772","3.7041802406311035","3.7192296981811523","14050","14044","14056","3.731375285557338","3.721954107284546","3.7349438667297363","14893","14887","14899","3.827895062310355","3.8149194717407227","3.8348007202148438","14052","14046","14058"
"778","3.690252184867859","3.68632173538208","3.6981000900268555","14065","14058","14072","3.716460168361664","3.713334083557129","3.7227306365966797","14065","14058","14072","3.7326672077178955","3.7273080348968506","3.738478899002075","14908","14901","14915","3.8297103941440582","3.823498249053955","3.8381705284118652","14067","14060","14074"
"779","3.688966602087021","3.6850686073303223","3.6940414905548096","14081","14074","14088","3.7151027619838715","3.7112772464752197","3.7218098640441895","14081","14074","14088","3.731246143579483","3.7273006439208984","3.7375500202178955","14924","14917","14931","3.828262120485306","3.8232855796813965","3.8364858627319336","14083","14076","14090"
"780","3.6861638724803925","3.681483268737793","3.6937031745910645","14097","14090","14104","3.714360862970352","3.711477518081665","3.7194032669067383","14097","14090","14104","3.731770873069763","3.7274513244628906","3.73716402053833","14940","14933","14947","3.827442228794098","3.8219246864318848","3.8318064212799072","14099","14092","14106"
"781","3.6863682866096497","3.680877685546875","3.6940245628356934","14113","14106","14120","3.713001698255539","3.7103137969970703","3.716552495956421","14113","14106","14120","3.7290376722812653","3.7248892784118652","3.733680248260498","14956","14949","14963","3.8256976902484894","3.8231582641601562","3.8281443119049072","14115","14108","14122"
"782","3.687831073999405","3.6819615364074707","3.691939115524292","14129","14122","14136","3.714391052722931","3.709099769592285","3.7229785919189453","14129","14122","14136","3.7316125631332397","3.7236857414245605","3.7381017208099365","14972","14965","14979","3.8276427090168","3.8175363540649414","3.836280107498169","14131","14124","14138"
"783","3.6859924452645436","3.683088541030884","3.6912283897399902","14144","14138","14150","3.7136257035391673","3.7099838256835938","3.719062566757202","14144","14138","14150","3.7282249246324812","3.723296642303467","3.736257553100586","14987","14981","14993","3.8264571598597934","3.8208961486816406","3.835747003555298","14146","14140","14152"
"784","3.684796392917633","3.6778125762939453","3.692589044570923","14159","14152","14166","3.71307834982872","3.707022190093994","3.7212276458740234","14159","14152","14166","3.7292341589927673","3.721677780151367","3.7358970642089844","15002","14995","15009","3.826105237007141","3.822187662124634","3.8348405361175537","14161","14154","14168"
"785","3.6878430545330048","3.682868003845215","3.6950182914733887","14175","14168","14182","3.7148711383342743","3.7081732749938965","3.722304105758667","14175","14168","14182","3.7306239306926727","3.7233121395111084","3.7373569011688232","15018","15011","15025","3.826900601387024","3.8223965167999268","3.832266330718994","14177","14170","14184"
"786","3.68520849943161","3.679636001586914","3.6917037963867188","14191","14184","14198","3.7130127549171448","3.7093095779418945","3.7183170318603516","14191","14184","14198","3.72925466299057","3.72695255279541","3.734767436981201","15034","15027","15041","3.825328141450882","3.8224377632141113","3.8288347721099854","14193","14186","14200"
"787","3.682828813791275","3.6779208183288574","3.6869540214538574","14207","14200","14214","3.711525022983551","3.7061233520507812","3.716695547103882","14207","14200","14214","3.728722095489502","3.722398519515991","3.7359485626220703","15050","15043","15057","3.8243816792964935","3.816253900527954","3.829216480255127","14209","14202","14216"
"788","3.68587555204119","3.6828033924102783","3.6890878677368164","14222","14216","14228","3.7149997098105296","3.7124242782592773","3.717637538909912","14222","14216","14228","3.7315974916730608","3.72597336769104","3.734257221221924","15065","15059","15071","3.825848477227347","3.8231160640716553","3.828054904937744","14224","14218","14230"
"789","3.687411814928055","3.6833975315093994","3.6942930221557617","14237","14230","14244","3.7163855731487274","3.7122130393981934","3.723304271697998","14237","14230","14244","3.732646256685257","3.7273411750793457","3.739647388458252","15080","15073","15087","3.8295632004737854","3.822127342224121","3.839536190032959","14239","14232","14246"
"790","3.685223162174225","3.6825218200683594","3.6873340606689453","14253","14246","14260","3.714668571949005","3.712371826171875","3.7185730934143066","14253","14246","14260","3.7312265634536743","3.7255170345306396","3.73822021484375","15096","15089","15103","3.8271625638008118","3.821470022201538","3.8305506706237793","14255","14248","14262"
"791","3.6836352050304413","3.6782448291778564","3.6877694129943848","14269","14262","14276","3.713692396879196","3.7064008712768555","3.7188477516174316","14269","14262","14276","3.732024371623993","3.724327564239502","3.736337661743164","15112","15105","15119","3.8271895051002502","3.8187732696533203","3.831284523010254","14271","14264","14278"
"792","3.684316188097","3.6812615394592285","3.689044952392578","14285","14278","14292","3.7143767178058624","3.7098872661590576","3.720280885696411","14285","14278","14292","3.7316470444202423","3.7284984588623047","3.7357847690582275","15128","15121","15135","3.8250458240509033","3.8198251724243164","3.831423759460449","14287","14280","14294"
"793","3.6856895089149475","3.681455612182617","3.689235210418701","14301","14294","14308","3.7147043347358704","3.710659980773926","3.7179665565490723","14301","14294","14308","3.7307246029376984","3.7249133586883545","3.734112024307251","15144","15137","15151","3.8280146718025208","3.8235130310058594","3.832616090774536","14303","14296","14310"
"794","3.682497535433088","3.679450035095215","3.6862852573394775","14316","14310","14322","3.713887929916382","3.7096385955810547","3.7177765369415283","14316","14310","14322","3.7296082973480225","3.7273712158203125","3.731959342956543","15159","15153","15165","3.8264263016836986","3.8203721046447754","3.8325672149658203","14318","14312","14324"
"795","3.6832918524742126","3.6763269901275635","3.685389280319214","14331","14324","14338","3.711890459060669","3.7046854496002197","3.716602087020874","14331","14324","14338","3.728734791278839","3.7230451107025146","3.7348103523254395","15174","15167","15181","3.823492556810379","3.815330982208252","3.831162929534912","14333","14326","14340"
"796","3.683907985687256","3.6750998497009277","3.6912131309509277","14347","14340","14354","3.714712828397751","3.7101266384124756","3.7200663089752197","14347","14340","14354","3.732282727956772","3.728259563446045","3.736375331878662","15190","15183","15197","3.829828053712845","3.8227176666259766","3.8350603580474854","14349","14342","14356"
"797","3.682056188583374","3.6778836250305176","3.6868042945861816","14363","14356","14370","3.7121413946151733","3.7093732357025146","3.7140252590179443","14363","14356","14370","3.7287564873695374","3.7257275581359863","3.7307896614074707","15206","15199","15213","3.824349522590637","3.8202621936798096","3.8306162357330322","14365","14358","14372"
"798","3.681326687335968","3.672463893890381","3.685943603515625","14379","14372","14386","3.7115921676158905","3.705787181854248","3.7160496711730957","14379","14372","14386","3.728180706501007","3.7217636108398438","3.7323150634765625","15222","15215","15229","3.8237709999084473","3.8167691230773926","3.8267993927001953","14381","14374","14388"
"799","3.6836980879306793","3.6808390617370605","3.688889265060425","14395","14388","14402","3.7143029272556305","3.7101731300354004","3.7194085121154785","14395","14388","14402","3.7303755581378937","3.7251110076904297","3.7357490062713623","15238","15231","15245","3.8262936770915985","3.821930170059204","3.8358795642852783","14397","14390","14404"
"800","3.6792145456586565","3.674752712249756","3.688049793243408","14471","14465","14477","3.7126827580588206","3.7074780464172363","3.722187042236328","14471","14465","14477","3.728860991341727","3.7237701416015625","3.737980604171753","15314","15308","15320","3.8243158544812883","3.8185791969299316","3.8314366340637207","14473","14467","14479"
"801","3.6813645362854004","3.6746256351470947","3.6874895095825195","14486","14479","14493","3.712293803691864","3.706535816192627","3.717700481414795","14486","14479","14493","3.72905370593071","3.7234325408935547","3.7350094318389893","15329","15322","15336","3.8240567445755005","3.8171372413635254","3.8298704624176025","14488","14481","14495"
"802","3.6816671788692474","3.6749820709228516","3.6874091625213623","14502","14495","14509","3.713527023792267","3.705193281173706","3.7203311920166016","14502","14495","14509","3.7301712334156036","3.723076343536377","3.7358129024505615","15345","15338","15352","3.8261525332927704","3.812908172607422","3.8334970474243164","14504","14497","14511"
"803","3.6820213198661804","3.675966739654541","3.6872308254241943","14518","14511","14525","3.7127982079982758","3.707742691040039","3.717257499694824","14518","14511","14525","3.7288414239883423","3.723978042602539","3.734241008758545","15361","15354","15368","3.825176864862442","3.819457769393921","3.830012798309326","14520","14513","14527"
"804","3.6829791963100433","3.677931785583496","3.6864492893218994","14534","14527","14541","3.7145107090473175","3.7126402854919434","3.7163844108581543","14534","14527","14541","3.7314727306365967","3.7300848960876465","3.7330002784729004","15377","15370","15384","3.8257050812244415","3.8224196434020996","3.8305420875549316","14536","14529","14543"
"805","3.6805661405835832","3.675855875015259","3.6844258308410645","14549","14543","14555","3.714773552758353","3.710599660873413","3.71860933303833","14549","14543","14555","3.7321507930755615","3.7273454666137695","3.7361156940460205","15392","15386","15398","3.8283211503710066","3.8232486248016357","3.83561635017395","14551","14545","14557"
"806","3.6808930337429047","3.6749987602233887","3.684905767440796","14564","14557","14571","3.713617742061615","3.71040678024292","3.717813730239868","14564","14557","14571","3.7302679121494293","3.7265326976776123","3.732351303100586","15407","15400","15414","3.8270566761493683","3.8210835456848145","3.8314173221588135","14566","14559","14573"
"807","3.680190920829773","3.67628812789917","3.686461925506592","14580","14573","14587","3.714163303375244","3.7071313858032227","3.7212882041931152","14580","14573","14587","3.731012850999832","3.7244246006011963","3.737764358520508","15423","15416","15430","3.8271889686584473","3.8195126056671143","3.8367934226989746","14582","14575","14589"
"808","3.6820613145828247","3.6750969886779785","3.6857943534851074","14596","14589","14603","3.714872568845749","3.7116408348083496","3.720654010772705","14596","14589","14603","3.731437861919403","3.7266488075256348","3.7383310794830322","15439","15432","15446","3.8263536989688873","3.8166162967681885","3.8356709480285645","14598","14591","14605"
"809","3.6831054091453552","3.6770944595336914","3.687776565551758","14612","14605","14619","3.715909004211426","3.711967945098877","3.721475124359131","14612","14605","14619","3.7322712540626526","3.7283730506896973","3.737421989440918","15455","15448","15462","3.82914537191391","3.82489275932312","3.839132070541382","14614","14607","14621"
"810","3.6789015233516693","3.6765451431274414","3.682810068130493","14628","14621","14635","3.7133923768997192","3.7081668376922607","3.7173686027526855","14628","14621","14635","3.73046413064003","3.725942850112915","3.734614849090576","15471","15464","15478","3.8251105546951294","3.818962574005127","3.8285632133483887","14630","14623","14637"
"811","3.6781691823686873","3.6733951568603516","3.6824450492858887","14643","14637","14649","3.712396042687552","3.707526922225952","3.7209696769714355","14643","14637","14649","3.7295288017817905","3.7246294021606445","3.7381279468536377","15486","15480","15492","3.8249965735844205","3.820566177368164","3.835871934890747","14645","14639","14651"
"812","3.678005576133728","3.6705424785614014","3.6838266849517822","14658","14651","14665","3.7132165133953094","3.7034597396850586","3.7182228565216064","14658","14651","14665","3.7298128604888916","3.720355987548828","3.735875129699707","15501","15494","15508","3.825741410255432","3.815913200378418","3.831620931625366","14660","14653","14667"
"813","3.6782167851924896","3.6739156246185303","3.6827869415283203","14674","14667","14681","3.7141582369804382","3.7091519832611084","3.7181267738342285","14674","14667","14681","3.73101207613945","3.7261509895324707","3.7338366508483887","15517","15510","15524","3.82814958691597","3.823195219039917","3.832362413406372","14676","14669","14683"
"814","3.6793823838233948","3.6740407943725586","3.684049129486084","14690","14683","14697","3.7160011529922485","3.711149215698242","3.7198925018310547","14690","14683","14697","3.7326208651065826","3.726675271987915","3.7378859519958496","15533","15526","15540","3.828489899635315","3.8214633464813232","3.8360841274261475","14692","14685","14699"
"815","3.680486261844635","3.6731581687927246","3.6936700344085693","14706","14699","14713","3.7151476442813873","3.7085118293762207","3.725266456604004","14706","14699","14713","3.7313672602176666","3.7254958152770996","3.7400174140930176","15549","15542","15556","3.826444774866104","3.821898937225342","3.8320529460906982","14708","14701","14715"
"816","3.6787870952061246","3.672539234161377","3.6843695640563965","14721","14715","14727","3.7139090469905307","3.7073168754577637","3.7213923931121826","14721","14715","14727","3.731677668435233","3.7267870903015137","3.7386810779571533","15564","15558","15570","3.827227830886841","3.819281578063965","3.8341469764709473","14723","14717","14729"
"817","3.6772690415382385","3.673201322555542","3.6834325790405273","14736","14729","14743","3.714040607213974","3.711183547973633","3.7169063091278076","14736","14729","14743","3.731629818677902","3.7274200916290283","3.7342491149902344","15579","15572","15586","3.8260073363780975","3.820112466812134","3.829347848892212","14738","14731","14745"
"818","3.677759140729904","3.672112464904785","3.6824917793273926","14752","14745","14759","3.7125165462493896","3.7101657390594482","3.7181103229522705","14752","14745","14759","3.7293218672275543","3.7255706787109375","3.734501361846924","15595","15588","15602","3.8224633038043976","3.81986665725708","3.826775312423706","14754","14747","14761"
"819","3.6765744388103485","3.6707849502563477","3.68343448638916","14768","14761","14775","3.71305513381958","3.707548141479492","3.718897581100464","14768","14761","14775","3.730240762233734","3.725386381149292","3.737762451171875","15611","15604","15618","3.8235547840595245","3.8148632049560547","3.8285183906555176","14770","14763","14777"
"820","3.6771169304847717","3.6705565452575684","3.682908058166504","14784","14777","14791","3.7129322290420532","3.7066285610198975","3.718238115310669","14784","14777","14791","3.729559540748596","3.724496364593506","3.73345685005188","15627","15620","15634","3.823037773370743","3.816845178604126","3.8304738998413086","14786","14779","14793"
"821","3.6768397986888885","3.6664321422576904","3.6830310821533203","14800","14793","14807","3.7137022018432617","3.705176830291748","3.7185349464416504","14800","14793","14807","3.7299868762493134","3.7220239639282227","3.735213279724121","15643","15636","15650","3.8256885707378387","3.816831588745117","3.8309216499328613","14802","14795","14809"
"822","3.672431434903826","3.6678967475891113","3.6761984825134277","14815","14809","14821","3.710777316774641","3.7048068046569824","3.7174997329711914","14815","14809","14821","3.727633169719151","3.721707820892334","3.7346291542053223","15658","15652","15664","3.8232670511518205","3.815803289413452","3.833972454071045","14817","14811","14823"
"823","3.675021380186081","3.6707491874694824","3.6773345470428467","14830","14823","14837","3.711602419614792","3.7074928283691406","3.716978073120117","14830","14823","14837","3.728397309780121","3.7248566150665283","3.734457492828369","15673","15666","15680","3.823300451040268","3.819113254547119","3.834676742553711","14832","14825","14839"
"824","3.676261395215988","3.665839195251465","3.681901693344116","14846","14839","14853","3.713221549987793","3.706421136856079","3.718891143798828","14846","14839","14853","3.7305299937725067","3.72344708442688","3.7368156909942627","15689","15682","15696","3.8249018788337708","3.8157572746276855","3.8317365646362305","14848","14841","14855"
"825","3.676380217075348","3.672034502029419","3.6828622817993164","14923","14916","14930","3.713735908269882","3.7074155807495117","3.717470645904541","14923","14916","14930","3.7309938967227936","3.726651430130005","3.7347419261932373","15766","15759","15773","3.8268817365169525","3.8214075565338135","3.832967758178711","14925","14918","14932"
"826","3.67461758852005","3.6708431243896484","3.679394006729126","14939","14932","14946","3.7132627069950104","3.7095155715942383","3.7157468795776367","14939","14932","14946","3.7303963005542755","3.728280544281006","3.7327821254730225","15782","15775","15789","3.825446665287018","3.8209309577941895","3.830782890319824","14941","14934","14948"
"827","3.6738005025046214","3.668663501739502","3.6792056560516357","14954","14948","14960","3.7119360991886685","3.7059383392333984","3.7154059410095215","14954","14948","14960","3.7287661348070418","3.7205209732055664","3.7330586910247803","15797","15791","15803","3.822877747671945","3.817089557647705","3.825559616088867","14956","14950","14962"
"828","3.672848165035248","3.668140411376953","3.6828417778015137","14969","14962","14976","3.7091173231601715","3.705606460571289","3.7135586738586426","14969","14962","14976","3.726564258337021","3.722477436065674","3.7305498123168945","15812","15805","15819","3.820559114217758","3.817662477493286","3.823732376098633","14971","14964","14978"
"829","3.6739198565483093","3.668889045715332","3.67952561378479","14985","14978","14992","3.713586449623108","3.7106173038482666","3.7194690704345703","14985","14978","14992","3.7300638258457184","3.7268447875976562","3.735276222229004","15828","15821","15835","3.8256426453590393","3.818774700164795","3.8293263912200928","14987","14980","14994"
"830","3.6717076897621155","3.661759853363037","3.677492141723633","15001","14994","15008","3.7100829780101776","3.705646514892578","3.7169203758239746","15001","14994","15008","3.7281399965286255","3.721909999847412","3.7345588207244873","15844","15837","15851","3.8228469491004944","3.8160033226013184","3.832674980163574","15003","14996","15010"
"831","3.6740244030952454","3.668178081512451","3.6821188926696777","15017","15010","15024","3.712961107492447","3.7067208290100098","3.7190935611724854","15017","15010","15024","3.729496508836746","3.724268674850464","3.737638473510742","15860","15853","15867","3.8246281147003174","3.8182497024536133","3.8316092491149902","15019","15012","15026"
"832","3.6734419763088226","3.6677722930908203","3.67807674407959","15033","15026","15040","3.7130209505558014","3.705665349960327","3.718646764755249","15033","15026","15040","3.729434013366699","3.72275447845459","3.734450340270996","15876","15869","15883","3.823759227991104","3.8154773712158203","3.8332061767578125","15035","15028","15042"
"833","3.672238894871303","3.666457176208496","3.6816139221191406","15048","15042","15054","3.7118681498936246","3.7068843841552734","3.718871593475342","15048","15042","15054","3.730072259902954","3.7256927490234375","3.7362494468688965","15891","15885","15897","3.8248484134674072","3.817718982696533","3.8293986320495605","15050","15044","15056"
"834","3.6734225749969482","3.6674420833587646","3.6795153617858887","15063","15056","15070","3.7139948308467865","3.708711624145508","3.7188076972961426","15063","15056","15070","3.7314332127571106","3.726691722869873","3.737281322479248","15906","15899","15913","3.825409710407257","3.8182077407836914","3.833893299102783","15065","15058","15072"
"835","3.6706868708133698","3.661665916442871","3.6761929988861084","15079","15072","15086","3.7120867371559143","3.7078166007995605","3.7186388969421387","15079","15072","15086","3.7293699979782104","3.724189519882202","3.7349438667297363","15922","15915","15929","3.8251780569553375","3.821777582168579","3.8317103385925293","15081","15074","15088"
"836","3.6727078557014465","3.6670336723327637","3.679835319519043","15095","15088","15102","3.712663412094116","3.7049789428710938","3.7161898612976074","15095","15088","15102","3.729313999414444","3.7233269214630127","3.733468532562256","15938","15931","15945","3.824519097805023","3.818333625793457","3.828688859939575","15097","15090","15104"
"837","3.673114627599716","3.6651105880737305","3.679056167602539","15111","15104","15118","3.712510645389557","3.7094173431396484","3.716801643371582","15111","15104","15118","3.7304313480854034","3.726928949356079","3.7340474128723145","15954","15947","15961","3.823935717344284","3.82035231590271","3.828601121902466","15113","15106","15120"
"838","3.6715507166726247","3.6670401096343994","3.676671028137207","15126","15120","15132","3.7120909690856934","3.708176612854004","3.716766834259033","15126","15120","15132","3.729717493057251","3.7271065711975098","3.7330374717712402","15969","15963","15975","3.8244519914899553","3.820890426635742","3.828188896179199","15128","15122","15134"
"839","3.6724827587604523","3.668455123901367","3.6803181171417236","15141","15134","15148","3.7115878462791443","3.707122802734375","3.7158689498901367","15141","15134","15148","3.7286529541015625","3.724203586578369","3.732574462890625","15984","15977","15991","3.8202391862869263","3.8164620399475098","3.827502489089966","15143","15136","15150"
"840","3.6713714599609375","3.665484666824341","3.674492597579956","15157","15150","15164","3.7141702473163605","3.7115800380706787","3.7172739505767822","15157","15150","15164","3.731376051902771","3.7284417152404785","3.736133098602295","16000","15993","16007","3.8255081176757812","3.821043014526367","3.8295302391052246","15159","15152","15166"
"841","3.671275556087494","3.6677098274230957","3.6757795810699463","15173","15166","15180","3.711565852165222","3.7059481143951416","3.7180562019348145","15173","15166","15180","3.7289901971817017","3.724146842956543","3.7358880043029785","16016","16009","16023","3.821685880422592","3.8170976638793945","3.830209255218506","15175","15168","15182"
"842","3.6707655489444733","3.6650781631469727","3.676373243331909","15189","15182","15196","3.710936039686203","3.7072954177856445","3.7140913009643555","15189","15182","15196","3.7277519702911377","3.724252700805664","3.7325100898742676","16032","16025","16039","3.821244537830353","3.8180923461914062","3.824340343475342","15191","15184","15198"
"843","3.6685485243797302","3.664437770843506","3.673475980758667","15205","15198","15212","3.710884690284729","3.707383871078491","3.715545177459717","15205","15198","15212","3.727512240409851","3.724079132080078","3.733762264251709","16048","16041","16055","3.8222515881061554","3.8157131671905518","3.827632427215576","15207","15200","15214"
"844","3.6724958419799805","3.6689465045928955","3.680966377258301","15220","15214","15226","3.714952366692679","3.7123093605041504","3.718770742416382","15220","15214","15226","3.7326221466064453","3.7293691635131836","3.7383742332458496","16063","16057","16069","3.8261878490448","3.8217949867248535","3.8304240703582764","15222","15216","15228"
"845","3.671961009502411","3.6671648025512695","3.6773743629455566","15235","15228","15242","3.7143344283103943","3.706965684890747","3.7192559242248535","15235","15228","15242","3.7318204939365387","3.7238855361938477","3.736872673034668","16078","16071","16085","3.8239073157310486","3.8185744285583496","3.829099655151367","15237","15230","15244"
"846","3.6700932383537292","3.665822744369507","3.6754987239837646","15251","15244","15258","3.71268892288208","3.708967447280884","3.717482566833496","15251","15244","15258","3.730276733636856","3.7255098819732666","3.7351202964782715","16094","16087","16101","3.8213416934013367","3.816338539123535","3.828146457672119","15253","15246","15260"
"847","3.669623166322708","3.6639339923858643","3.684011936187744","15267","15260","15274","3.711549460887909","3.7065865993499756","3.717637062072754","15267","15260","15274","3.7291875779628754","3.723296642303467","3.7349653244018555","16110","16103","16117","3.8220502138137817","3.8171286582946777","3.8289835453033447","15269","15262","15276"
"848","3.670311450958252","3.666639804840088","3.6757469177246094","15283","15276","15290","3.7124205827713013","3.706955909729004","3.7174739837646484","15283","15276","15290","3.729039818048477","3.7241218090057373","3.7342336177825928","16126","16119","16133","3.822257101535797","3.815587043762207","3.8269901275634766","15285","15278","15292"
"849","3.670876681804657","3.6685619354248047","3.673107862472534","15299","15292","15306","3.712708294391632","3.709099292755127","3.7160871028900146","15299","15292","15306","3.7289936244487762","3.7262563705444336","3.7332239151000977","16142","16135","16149","3.822429597377777","3.818718433380127","3.8278729915618896","15301","15294","15308"
"850","3.6674890518188477","3.661752462387085","3.672886610031128","15375","15369","15381","3.7105442796434676","3.7065041065216064","3.7137556076049805","15375","15369","15381","3.728750773838588","3.724379777908325","3.732158660888672","16218","16212","16224","3.8225523063114712","3.81600284576416","3.8261818885803223","15377","15371","15383"
"851","3.6667745113372803","3.6590845584869385","3.675387144088745","15390","15383","15397","3.710312604904175","3.7062771320343018","3.715174913406372","15390","15383","15397","3.728052854537964","3.7244701385498047","3.7338781356811523","16233","16226","16240","3.8216186463832855","3.8164124488830566","3.8282010555267334","15392","15385","15399"
"852","3.6687606871128082","3.6641955375671387","3.6764535903930664","15406","15399","15413","3.7107739448547363","3.7051472663879395","3.7164855003356934","15406","15399","15413","3.7280642092227936","3.7227301597595215","3.733126163482666","16249","16242","16256","3.8204123079776764","3.814218521118164","3.8246254920959473","15408","15401","15415"
"853","3.666023015975952","3.656825065612793","3.6716113090515137","15422","15415","15429","3.710692197084427","3.704904556274414","3.716132164001465","15422","15415","15429","3.728790432214737","3.7219972610473633","3.733875274658203","16265","16258","16272","3.8226568698883057","3.8155932426452637","3.8297812938690186","15424","15417","15431"
"854","3.6654299795627594","3.6607563495635986","3.675840139389038","15438","15431","15445","3.7104086577892303","3.706696033477783","3.7176597118377686","15438","15431","15445","3.7276118397712708","3.722168207168579","3.7351768016815186","16281","16274","16288","3.8202957212924957","3.813619613647461","3.8286046981811523","15440","15433","15447"
"855","3.665415184838431","3.6581270694732666","3.673621654510498","15453","15447","15459","3.710822480065482","3.705949068069458","3.714198350906372","15453","15447","15459","3.728344644818987","3.724104881286621","3.7334301471710205","16296","16290","16302","3.8207627705165317","3.8145415782928467","3.824766159057617","15455","15449","15461"
"856","3.6620815694332123","3.652019739151001","3.668670892715454","15468","15461","15475","3.710919290781021","3.7048251628875732","3.714737892150879","15468","15461","15475","3.7282340824604034","3.7224607467651367","3.7323927879333496","16311","16304","16318","3.8224628269672394","3.817033290863037","3.8294410705566406","15470","15463","15477"
"857","3.667577177286148","3.662259101867676","3.675875663757324","15484","15477","15491","3.713737040758133","3.7091963291168213","3.723212242126465","15484","15477","15491","3.731152832508087","3.7261810302734375","3.741330146789551","16327","16320","16334","3.8226080238819122","3.8146324157714844","3.830875873565674","15486","15479","15493"
"858","3.6643398702144623","3.6592631340026855","3.66922926902771","15500","15493","15507","3.7119863629341125","3.7058773040771484","3.7195584774017334","15500","15493","15507","3.730200618505478","3.724177837371826","3.735220432281494","16343","16336","16350","3.823468178510666","3.8154125213623047","3.830124855041504","15502","15495","15509"
"859","3.6677885949611664","3.6627559661865234","3.672703504562378","15516","15509","15523","3.712550461292267","3.706892490386963","3.7186012268066406","15516","15509","15523","3.7302228212356567","3.7252697944641113","3.7361860275268555","16359","16352","16366","3.8234669268131256","3.8209290504455566","3.8280248641967773","15518","15511","15525"
"860","3.667784810066223","3.6623902320861816","3.6708600521087646","15532","15525","15539","3.7131364047527313","3.7094383239746094","3.717113494873047","15532","15525","15539","3.7295694053173065","3.7250399589538574","3.7355852127075195","16375","16368","16382","3.8233612179756165","3.8183608055114746","3.8297529220581055","15534","15527","15541"
"861","3.6655634130750383","3.6606712341308594","3.6734044551849365","15547","15541","15553","3.7091875757489885","3.702500343322754","3.712759017944336","15547","15541","15553","3.7265355246407643","3.719395160675049","3.729881763458252","16390","16384","16396","3.8201756136757985","3.8116273880004883","3.8242011070251465","15549","15543","15555"
"862","3.6645312905311584","3.661036252975464","3.6698763370513916","15562","15555","15569","3.7116445004940033","3.7091422080993652","3.7143890857696533","15562","15555","15569","3.7300952076911926","3.7254204750061035","3.7340102195739746","16405","16398","16412","3.8222628831863403","3.8190126419067383","3.826284885406494","15564","15557","15571"
"863","3.6636367440223694","3.6558661460876465","3.674565076828003","15578","15571","15585","3.710405856370926","3.7071685791015625","3.7157092094421387","15578","15571","15585","3.7283949851989746","3.7253353595733643","3.733476161956787","16421","16414","16428","3.822672873735428","3.817471742630005","3.826007604598999","15580","15573","15587"
"864","3.6639202535152435","3.6580429077148438","3.6787002086639404","15594","15587","15601","3.711082339286804","3.706825017929077","3.7198781967163086","15594","15587","15601","3.728585332632065","3.723343849182129","3.7353391647338867","16437","16430","16444","3.8215892612934113","3.8136816024780273","3.829192876815796","15596","15589","15603"
"865","3.665610909461975","3.661991834640503","3.6692261695861816","15610","15603","15617","3.7134541273117065","3.707911968231201","3.715803623199463","15610","15603","15617","3.730813890695572","3.7262165546417236","3.7349510192871094","16453","16446","16460","3.8239902555942535","3.8174734115600586","3.8289566040039062","15612","15605","15619"
"866","3.6627816472734724","3.6549158096313477","3.668513298034668","15625","15619","15631","3.7095540251050676","3.7060325145721436","3.712366819381714","15625","15619","15631","3.7273198536464145","3.724247455596924","3.729714870452881","16468","16462","16474","3.8194991861070906","3.816694974899292","3.822223424911499","15627","15621","15633"
"867","3.6605838537216187","3.6581077575683594","3.662808895111084","15640","15633","15647","3.707799106836319","3.701608657836914","3.7131264209747314","15640","15633","15647","3.7250072956085205","3.7179834842681885","3.730604410171509","16483","16476","16490","3.8171001076698303","3.80886173248291","3.824958086013794","15642","15635","15649"
"868","3.661037653684616","3.65268611907959","3.6662817001342773","15656","15649","15663","3.709499776363373","3.7046701908111572","3.7141506671905518","15656","15649","15663","3.7274908423423767","3.7236690521240234","3.732616901397705","16499","16492","16506","3.8198153972625732","3.816208600997925","3.8227791786193848","15658","15651","15665"
"869","3.662707209587097","3.6598703861236572","3.6690008640289307","15672","15665","15679","3.7122682631015778","3.7067060470581055","3.716395616531372","15672","15665","15679","3.730414628982544","3.7242894172668457","3.7334794998168945","16515","16508","16522","3.82236185669899","3.8167600631713867","3.8253564834594727","15674","15667","15681"
"870","3.6611141562461853","3.653658866882324","3.669119358062744","15688","15681","15695","3.7093947529792786","3.704163074493408","3.714046001434326","15688","15681","15695","3.7272450625896454","3.721503734588623","3.7354307174682617","16531","16524","16538","3.8199417889118195","3.8153414726257324","3.8261795043945312","15690","15683","15697"
"871","3.662540465593338","3.653867721557617","3.66548490524292","15704","15697","15711","3.7106832563877106","3.705974817276001","3.713378667831421","15704","15697","15711","3.7288423776626587","3.7237865924835205","3.7317166328430176","16547","16540","16554","3.820716381072998","3.812058925628662","3.8281383514404297","15706","15699","15713"
"872","3.6593586036137173","3.652320384979248","3.667451858520508","15719","15713","15725","3.7106541224888394","3.7064404487609863","3.716160297393799","15719","15713","15725","3.728611401149205","3.7252562046051025","3.7314836978912354","16562","16556","16568","3.8203929492405484","3.811352491378784","3.8255743980407715","15721","15715","15727"
"873","3.6628164052963257","3.6540298461914062","3.6719183921813965","15734","15727","15741","3.7107547521591187","3.7069661617279053","3.714106559753418","15734","15727","15741","3.728370487689972","3.722548484802246","3.7351603507995605","16577","16570","16584","3.8204685747623444","3.8153958320617676","3.8259406089782715","15736","15729","15743"
"874","3.6594620048999786","3.6546614170074463","3.665198802947998","15750","15743","15757","3.7097152173519135","3.7062301635742188","3.7142364978790283","15750","15743","15757","3.7279456555843353","3.7241368293762207","3.7314634323120117","16593","16586","16600","3.8211645781993866","3.818544864654541","3.8272969722747803","15752","15745","15759"
"875","3.6631886065006256","3.658311128616333","3.667691707611084","15827","15820","15834","3.7110478281974792","3.707488536834717","3.7173166275024414","15827","15820","15834","3.7282886803150177","3.723456382751465","3.7364587783813477","16670","16663","16677","3.8219994604587555","3.8155360221862793","3.8285861015319824","15829","15822","15836"
"876","3.663315534591675","3.655803680419922","3.668107748031616","15843","15836","15850","3.711319863796234","3.7076048851013184","3.7179853916168213","15843","15836","15850","3.728872835636139","3.7239818572998047","3.7357630729675293","16686","16679","16693","3.819642513990402","3.814330577850342","3.8270020484924316","15845","15838","15852"
"877","3.6595233508518765","3.653470277786255","3.668494939804077","15858","15852","15864","3.7090184347970143","3.7016735076904297","3.7145535945892334","15858","15852","15864","3.726449796131679","3.719745397567749","3.7319841384887695","16701","16695","16707","3.819319316319057","3.814269781112671","3.823235273361206","15860","15854","15866"
"878","3.6596303582191467","3.6528754234313965","3.6651883125305176","15873","15866","15880","3.7096029222011566","3.703068256378174","3.7118306159973145","15873","15866","15880","3.72731813788414","3.721019744873047","3.7312755584716797","16716","16709","16723","3.821451485157013","3.8150086402893066","3.8256306648254395","15875","15868","15882"
"879","3.6579108834266663","3.652218818664551","3.660515069961548","15889","15882","15896","3.7101034820079803","3.703948974609375","3.7169578075408936","15889","15882","15896","3.7281026542186737","3.722382068634033","3.734527587890625","16732","16725","16739","3.821235805749893","3.814612865447998","3.8295750617980957","15891","15884","15898"
"880","3.65831595659256","3.6542935371398926","3.6641838550567627","15905","15898","15912","3.710199147462845","3.702406644821167","3.716691017150879","15905","15898","15912","3.7277102172374725","3.7200417518615723","3.7334752082824707","16748","16741","16755","3.8200311064720154","3.810070276260376","3.826488733291626","15907","15900","15914"
"881","3.659715950489044","3.654386520385742","3.666271924972534","15921","15914","15928","3.7104057669639587","3.7084968090057373","3.7119452953338623","15921","15914","15928","3.7285468876361847","3.7270140647888184","3.730820655822754","16764","16757","16771","3.820321500301361","3.8137998580932617","3.82442569732666","15923","15916","15930"
"882","3.657973676919937","3.6502952575683594","3.66332745552063","15937","15930","15944","3.7099465429782867","3.70399808883667","3.715531826019287","15937","15930","15944","3.7282751500606537","3.723205804824829","3.731670379638672","16780","16773","16787","3.8204395174980164","3.815157413482666","3.824213981628418","15939","15932","15946"
"883","3.6567818437303816","3.6513805389404297","3.664945125579834","15952","15946","15958","3.7116022450583324","3.7068285942077637","3.7190775871276855","15952","15946","15958","3.7307348591940745","3.725285053253174","3.7348320484161377","16795","16789","16801","3.8230203219822476","3.8189308643341064","3.827669143676758","15954","15948","15960"
"884","3.6577979028224945","3.650092124938965","3.668530225753784","15967","15960","15974","3.710302710533142","3.7058918476104736","3.7157797813415527","15967","15960","15974","3.7288929522037506","3.722507953643799","3.734354019165039","16810","16803","16817","3.8191222846508026","3.8123159408569336","3.829639434814453","15969","15962","15976"
"885","3.658968448638916","3.6523914337158203","3.6641249656677246","15983","15976","15990","3.711276561021805","3.706390857696533","3.7159371376037598","15983","15976","15990","3.728163242340088","3.7246365547180176","3.7329182624816895","16826","16819","16833","3.8192481100559235","3.8142623901367188","3.8238930702209473","15985","15978","15992"
"886","3.657094031572342","3.6533255577087402","3.6604959964752197","15999","15992","16006","3.710328370332718","3.7066986560821533","3.7170650959014893","15999","15992","16006","3.7280247509479523","3.7245330810546875","3.733163833618164","16842","16835","16849","3.8204589188098907","3.813643455505371","3.8250248432159424","16001","15994","16008"
"887","3.6583551168441772","3.648209571838379","3.6666152477264404","16015","16008","16022","3.7102934420108795","3.705775737762451","3.716444492340088","16015","16008","16022","3.7278126180171967","3.723438262939453","3.7349369525909424","16858","16851","16865","3.820197820663452","3.8165440559387207","3.8241806030273438","16017","16010","16024"
"888","3.6568770749228343","3.6521854400634766","3.663797378540039","16030","16024","16036","3.709153345652989","3.704526424407959","3.7147321701049805","16030","16024","16036","3.726790291922433","3.7201738357543945","3.7327704429626465","16873","16867","16879","3.818492685045515","3.813190460205078","3.825934648513794","16032","16026","16038"
"889","3.6573805809020996","3.6491241455078125","3.66616153717041","16045","16038","16052","3.7098692655563354","3.702352523803711","3.7143938541412354","16045","16038","16052","3.727329134941101","3.7223594188690186","3.7324719429016113","16888","16881","16895","3.8188304603099823","3.8125712871551514","3.825843572616577","16047","16040","16054"
"890","3.653626888990402","3.646833658218384","3.657818078994751","16061","16054","16068","3.70948526263237","3.70546293258667","3.715209484100342","16061","16054","16068","3.728062093257904","3.723130702972412","3.733675003051758","16904","16897","16911","3.8184977173805237","3.812822103500366","3.8289103507995605","16063","16056","16070"
"891","3.6536768674850464","3.647303581237793","3.6588032245635986","16077","16070","16084","3.7085146605968475","3.7040200233459473","3.71193265914917","16077","16070","16084","3.727057099342346","3.722351551055908","3.7318966388702393","16920","16913","16927","3.8188768923282623","3.8131661415100098","3.8237924575805664","16079","16072","16086"
"892","3.6534615457057953","3.64725399017334","3.663853168487549","16093","16086","16100","3.7087444067001343","3.7053253650665283","3.712787389755249","16093","16086","16100","3.727752685546875","3.7251100540161133","3.729860544204712","16936","16929","16943","3.820599764585495","3.8183939456939697","3.823007583618164","16095","16088","16102"
"893","3.6539309322834015","3.6446471214294434","3.6627583503723145","16109","16102","16116","3.7106491029262543","3.7058422565460205","3.7158474922180176","16109","16102","16116","3.7292025983333588","3.7234277725219727","3.733989715576172","16952","16945","16959","3.822794109582901","3.818787097930908","3.8290867805480957","16111","16104","16118"
"894","3.6567138263157437","3.650529384613037","3.6631383895874023","16124","16118","16130","3.7115378039223805","3.7080140113830566","3.715294361114502","16124","16118","16130","3.729480402810233","3.7258291244506836","3.7336740493774414","16967","16961","16973","3.822150332587106","3.8168540000915527","3.8261499404907227","16126","16120","16132"
"895","3.652372568845749","3.6448745727539062","3.6570281982421875","16139","16132","16146","3.7119258046150208","3.7071282863616943","3.7166247367858887","16139","16132","16146","3.7312141060829163","3.725299596786499","3.7355661392211914","16982","16975","16989","3.8231039345264435","3.816403865814209","3.83011794090271","16141","16134","16148"
"896","3.6555554568767548","3.6490530967712402","3.667684555053711","16155","16148","16162","3.7106094360351562","3.7046170234680176","3.714019775390625","16155","16148","16162","3.7288735806941986","3.7223927974700928","3.7334046363830566","16998","16991","17005","3.820887863636017","3.813638210296631","3.8256261348724365","16157","16150","16164"
"897","3.652188867330551","3.648982286453247","3.661634922027588","16171","16164","16178","3.7083899974823","3.705876350402832","3.711250066757202","16171","16164","16178","3.727155327796936","3.7233383655548096","3.7307863235473633","17014","17007","17021","3.819654405117035","3.8139429092407227","3.8241395950317383","16173","16166","16180"
"898","3.652173548936844","3.645498275756836","3.6585240364074707","16187","16180","16194","3.7092887461185455","3.7060720920562744","3.712479591369629","16187","16180","16194","3.7283229529857635","3.7240548133850098","3.731825113296509","17030","17023","17037","3.819845676422119","3.81314754486084","3.824418306350708","16189","16182","16196"
"899","3.651216834783554","3.6433944702148438","3.658080577850342","16203","16196","16210","3.7063006162643433","3.700972557067871","3.7136261463165283","16203","16196","16210","3.7248010635375977","3.7192564010620117","3.7323129177093506","17046","17039","17053","3.8182156682014465","3.8126540184020996","3.825352430343628","16205","16198","16212"
"900","3.6514472450528825","3.6428284645080566","3.6626906394958496","17109.5","16273","17946","3.709329843521118","3.7059645652770996","3.7128772735595703","16279","16273","16285","3.7284365722111295","3.722956418991089","3.7320847511291504","17122","17116","17128","3.8195878778185164","3.813225507736206","3.8242859840393066","16281","16275","16287"
"901","3.651994377374649","3.6428685188293457","3.6616125106811523","17124.5","16287","17962","3.709493041038513","3.7034518718719482","3.7141594886779785","16294","16287","16301","3.72869074344635","3.721296548843384","3.734464645385742","17137","17130","17144","3.820494532585144","3.813542127609253","3.827366828918457","16296","16289","16303"
"902","3.6496799886226654","3.6422605514526367","3.6560282707214355","17140.5","16303","17978","3.7082508504390717","3.705008029937744","3.7128663063049316","16310","16303","16317","3.7266582250595093","3.7220699787139893","3.731288433074951","17153","17146","17160","3.819935441017151","3.8144516944885254","3.8286941051483154","16312","16305","16319"
"903","3.6493505090475082","3.640789031982422","3.656679630279541","17156.5","16319","17994","3.7090103924274445","3.7041988372802734","3.7122929096221924","16326","16319","16333","3.728883743286133","3.722999095916748","3.7331838607788086","17169","17162","17176","3.8205697536468506","3.8158297538757324","3.825204849243164","16328","16321","16335"
"904","3.6525190323591232","3.647402763366699","3.6598687171936035","17172.5","16335","18010","3.7105290591716766","3.706594228744507","3.717593193054199","16342","16335","16349","3.730367988348007","3.7269718647003174","3.738269329071045","17185","17178","17192","3.821460634469986","3.8176393508911133","3.8269670009613037","16344","16337","16351"
"905","3.6530984810420444","3.650367259979248","3.6559746265411377","17187.5","16351","18024","3.7099106652396068","3.70784330368042","3.7145044803619385","16357","16351","16363","3.728174550192697","3.7253150939941406","3.7322330474853516","17200","17194","17206","3.821305990219116","3.8189663887023926","3.823579788208008","16359","16353","16365"
"906","3.6484225392341614","3.6401710510253906","3.655801773071289","17202.5","16365","18040","3.7077333629131317","3.7031900882720947","3.711102247238159","16372","16365","16379","3.726271331310272","3.7204315662384033","3.730489730834961","17215","17208","17222","3.8190094232559204","3.8101887702941895","3.825277090072632","16374","16367","16381"
"907","3.650215297937393","3.644468307495117","3.657071113586426","17218.5","16381","18056","3.7107553482055664","3.7084579467773438","3.7146191596984863","16388","16381","16395","3.7291588485240936","3.726314067840576","3.73230242729187","17231","17224","17238","3.821569472551346","3.8187918663024902","3.823620557785034","16390","16383","16397"
"908","3.6504645347595215","3.6431660652160645","3.658465623855591","17234.5","16397","18072","3.709496647119522","3.7054214477539062","3.7136387825012207","16404","16397","16411","3.7273240983486176","3.7230982780456543","3.730475902557373","17247","17240","17254","3.817847430706024","3.8132898807525635","3.822329521179199","16406","16399","16413"
"909","3.6470865607261658","3.6406431198120117","3.654127359390259","17250.5","16413","18088","3.707422226667404","3.7006194591522217","3.714989185333252","16420","16413","16427","3.726989299058914","3.721433639526367","3.7316019535064697","17263","17256","17270","3.818875342607498","3.814177989959717","3.8232569694519043","16422","16415","16429"
"910","3.6515871435403824","3.647484540939331","3.658440589904785","17266.5","16429","18104","3.709171622991562","3.7033281326293945","3.7143537998199463","16436","16429","16443","3.7270272374153137","3.7189972400665283","3.73201847076416","17279","17272","17286","3.818111002445221","3.811689853668213","3.824202060699463","16438","16431","16445"
"911","3.6498078107833862","3.64328670501709","3.655465602874756","17281.5","16445","18118","3.7101796013968333","3.7002406120300293","3.7144200801849365","16451","16445","16457","3.7295038359505788","3.7202861309051514","3.7338790893554688","17294","17288","17300","3.8207124641963413","3.807008743286133","3.827263355255127","16453","16447","16459"
"912","3.6504134833812714","3.639191150665283","3.660088062286377","17296.5","16459","18134","3.709426760673523","3.7052409648895264","3.716012477874756","16466","16459","16473","3.7291881144046783","3.724522113800049","3.7366185188293457","17309","17302","17316","3.8210045993328094","3.81550931930542","3.8273165225982666","16468","16461","16475"
"913","3.6466533690690994","3.6413168907165527","3.659250497817993","17312.5","16475","18150","3.707456737756729","3.7044625282287598","3.711521625518799","16482","16475","16489","3.7266129553318024","3.7220852375030518","3.730231761932373","17325","17318","17332","3.8209445774555206","3.8121771812438965","3.829543113708496","16484","16477","16491"
"914","3.6491579562425613","3.641651153564453","3.6567907333374023","17328.5","16491","18166","3.7096017003059387","3.702369213104248","3.713346481323242","16498","16491","16505","3.728940635919571","3.7224998474121094","3.7336068153381348","17341","17334","17348","3.819306343793869","3.813976287841797","3.8246240615844727","16500","16493","16507"
"915","3.6503644436597824","3.639463424682617","3.658694267272949","17344.5","16507","18182","3.71001073718071","3.706630229949951","3.7141470909118652","16514","16507","16521","3.7288677096366882","3.7261605262756348","3.73240327835083","17357","17350","17364","3.8200482726097107","3.8141770362854004","3.8261289596557617","16516","16509","16523"
"916","3.647103922707694","3.641592025756836","3.6547703742980957","17359.5","16523","18196","3.710297005517142","3.7054619789123535","3.7143046855926514","16529","16523","16535","3.729586294719151","3.725527763366699","3.73637056350708","17372","17366","17378","3.8216940334865024","3.81683349609375","3.8305978775024414","16531","16525","16537"
"917","3.6462599337100983","3.6379384994506836","3.6525769233703613","17374.5","16537","18212","3.7084536850452423","3.705284595489502","3.7113423347473145","16544","16537","16551","3.727447599172592","3.7219278812408447","3.732316255569458","17387","17380","17394","3.8197112381458282","3.8147692680358887","3.825864315032959","16546","16539","16553"
"918","3.64817276597023","3.63948130607605","3.6565093994140625","17390.5","16553","18228","3.708903968334198","3.7004618644714355","3.712198495864868","16560","16553","16567","3.7290860414505005","3.7210049629211426","3.7341063022613525","17403","17396","17410","3.818705528974533","3.8116588592529297","3.8248088359832764","16562","16555","16569"
"919","3.6470623165369034","3.641367197036743","3.6572723388671875","17406.5","16569","18244","3.708044558763504","3.7016520500183105","3.7125344276428223","16576","16569","16583","3.726376712322235","3.720951557159424","3.7313148975372314","17419","17412","17426","3.8169869780540466","3.811976909637451","3.820662498474121","16578","16571","16585"
"920","3.645068645477295","3.635002613067627","3.6542954444885254","17422.5","16585","18260","3.707920581102371","3.6999027729034424","3.712502956390381","16592","16585","16599","3.7273645102977753","3.7206387519836426","3.731598377227783","17435","17428","17442","3.8176587224006653","3.808929443359375","3.822925090789795","16594","16587","16601"
"921","3.647158592939377","3.639285087585449","3.652622699737549","17438.5","16601","18276","3.7090646624565125","3.703339099884033","3.7183499336242676","16608","16601","16615","3.728261023759842","3.724738836288452","3.7383055686950684","17451","17444","17458","3.8186195492744446","3.81447172164917","3.825943946838379","16610","16603","16617"
"922","3.6456202609198436","3.6404318809509277","3.6519007682800293","17453.5","16617","18290","3.7085916996002197","3.7027437686920166","3.7129921913146973","16623","16617","16629","3.7269246578216553","3.7172296047210693","3.7342638969421387","17466","17460","17472","3.8189566135406494","3.812401533126831","3.8252224922180176","16625","16619","16631"
"923","3.6451445519924164","3.6401195526123047","3.6513357162475586","17468.5","16631","18306","3.7088838815689087","3.701137065887451","3.7140774726867676","16638","16631","16645","3.728095918893814","3.7221734523773193","3.73233699798584","17481","17474","17488","3.8191065192222595","3.8138833045959473","3.8240318298339844","16640","16633","16647"
"924","3.6421866416931152","3.632629871368408","3.650717258453369","17484.5","16647","18322","3.704905539751053","3.697256565093994","3.7112960815429688","16654","16647","16661","3.7252436876296997","3.7182788848876953","3.729729413986206","17497","17490","17504","3.816362738609314","3.81095552444458","3.8226318359375","16656","16649","16663"
"925","3.6451732516288757","3.6389904022216797","3.6540451049804688","17561.5","16724","18399","3.709318995475769","3.7048823833465576","3.714776039123535","16731","16724","16738","3.728507697582245","3.7236156463623047","3.737198829650879","17574","17567","17581","3.820999652147293","3.816727638244629","3.826918840408325","16733","16726","16740"
"926","3.6430876553058624","3.6389548778533936","3.6499571800231934","17577.5","16740","18415","3.7057203352451324","3.6998767852783203","3.709916830062866","16747","16740","16754","3.7256150245666504","3.7204864025115967","3.7298808097839355","17590","17583","17597","3.8170281052589417","3.809398651123047","3.822418689727783","16749","16742","16756"
"927","3.6439532211848666","3.6342012882232666","3.651867628097534","17592.5","16756","18429","3.7089878831590926","3.703646183013916","3.71388840675354","16762","16756","16768","3.7287953240530833","3.7243082523345947","3.7345473766326904","17605","17599","17611","3.8205264636448453","3.8169608116149902","3.8241095542907715","16764","16758","16770"
"928","3.6424205601215363","3.6368651390075684","3.6528074741363525","17607.5","16770","18445","3.708835542201996","3.706003189086914","3.7118210792541504","16777","16770","16784","3.729097157716751","3.725966453552246","3.732243776321411","17620","17613","17627","3.8208965957164764","3.8143370151519775","3.8272864818573","16779","16772","16786"
"929","3.6404298543930054","3.6312999725341797","3.6479907035827637","17623.5","16786","18461","3.705044597387314","3.6979141235351562","3.710318088531494","16793","16786","16800","3.7257166504859924","3.719975709915161","3.73250675201416","17636","17629","17643","3.817905157804489","3.808232307434082","3.8253142833709717","16795","16788","16802"
"930","3.643273174762726","3.6396918296813965","3.647491455078125","17639.5","16802","18477","3.7102782130241394","3.7038817405700684","3.7160134315490723","16809","16802","16816","3.729690194129944","3.7204394340515137","3.735851764678955","17652","17645","17659","3.8207271695137024","3.8099489212036133","3.8301312923431396","16811","16804","16818"
"931","3.6413197815418243","3.6352672576904297","3.6470119953155518","17655.5","16818","18493","3.707702249288559","3.704897403717041","3.713006019592285","16825","16818","16832","3.7282318472862244","3.724170446395874","3.732283592224121","17668","17661","17675","3.820546478033066","3.817537307739258","3.82381534576416","16827","16820","16834"
"932","3.6421068161726","3.6295852661132812","3.6501147747039795","17671.5","16834","18509","3.7068448960781097","3.701413869857788","3.7110648155212402","16841","16834","16848","3.7272781133651733","3.7210655212402344","3.7316365242004395","17684","17677","17691","3.8171282410621643","3.810405731201172","3.8231139183044434","16843","16836","16850"
"933","3.64248183795384","3.6339783668518066","3.651817798614502","17686.5","16850","18523","3.7077163628169467","3.7031195163726807","3.710991144180298","16856","16850","16862","3.727250099182129","3.724132537841797","3.731374740600586","17699","17693","17705","3.8183208193097795","3.814631700515747","3.8223652839660645","16858","16852","16864"
"934","3.6419803351163864","3.631868839263916","3.652458667755127","17701.5","16864","18539","3.708704888820648","3.70235538482666","3.714792013168335","16871","16864","16878","3.727609157562256","3.7233781814575195","3.732558488845825","17714","17707","17721","3.8182233572006226","3.8142571449279785","3.822622776031494","16873","16866","16880"
"935","3.6419969648122787","3.6320090293884277","3.6477956771850586","17717.5","16880","18555","3.7082905173301697","3.7037782669067383","3.7142748832702637","16887","16880","16894","3.72809037566185","3.720799446105957","3.7328696250915527","17730","17723","17737","3.8191398680210114","3.8147706985473633","3.824862480163574","16889","16882","16896"
"936","3.640582859516144","3.6359570026397705","3.6484532356262207","17733.5","16896","18571","3.705312043428421","3.7014269828796387","3.712127685546875","16903","16896","16910","3.7254308462142944","3.7207956314086914","3.7318663597106934","17746","17739","17753","3.815735697746277","3.8090505599975586","3.8269548416137695","16905","16898","16912"
"937","3.6403150409460068","3.632445812225342","3.647979736328125","17749.5","16912","18587","3.707653731107712","3.704108238220215","3.711686134338379","16919","16912","16926","3.7276531159877777","3.7236695289611816","3.732694387435913","17762","17755","17769","3.8177211582660675","3.812178611755371","3.821476459503174","16921","16914","16928"
"938","3.6415476628712247","3.636245012283325","3.647059917449951","17764.5","16928","18601","3.7063887800489153","3.7034575939178467","3.709284543991089","16934","16928","16940","3.726674795150757","3.7235443592071533","3.7299747467041016","17777","17771","17783","3.8174354348863875","3.812933921813965","3.8237032890319824","16936","16930","16942"
"939","3.6365360468626022","3.6287999153137207","3.6475164890289307","17779.5","16942","18617","3.705469787120819","3.7025375366210938","3.7104244232177734","16949","16942","16956","3.7249720990657806","3.7211642265319824","3.7294962406158447","17792","17785","17799","3.817050278186798","3.814666748046875","3.821545124053955","16951","16944","16958"
"940","3.6348240226507187","3.6241438388824463","3.641510486602783","17795.5","16958","18633","3.7031260430812836","3.696375608444214","3.710522413253784","16965","16958","16972","3.7246225774288177","3.7174811363220215","3.732534408569336","17808","17801","17815","3.816261053085327","3.805872917175293","3.822686195373535","16967","16960","16974"
"941","3.638052761554718","3.627187728881836","3.6471798419952393","17811.5","16974","18649","3.7056626081466675","3.6966910362243652","3.7110748291015625","16981","16974","16988","3.7270697355270386","3.716355085372925","3.7311391830444336","17824","17817","17831","3.8163906931877136","3.808911085128784","3.8226935863494873","16983","16976","16990"
"942","3.641575574874878","3.633805751800537","3.648266315460205","17827.5","16990","18665","3.708605080842972","3.7045178413391113","3.7160654067993164","16997","16990","17004","3.728573828935623","3.7245888710021973","3.7342357635498047","17840","17833","17847","3.819988936185837","3.8138375282287598","3.828000068664551","16999","16992","17006"
"943","3.639253631234169","3.6325764656066895","3.646240711212158","17843.5","17006","18681","3.7074603140354156","3.7030539512634277","3.7166247367858887","17013","17006","17020","3.7278136909008026","3.7225821018218994","3.737776756286621","17856","17849","17863","3.817933291196823","3.8124146461486816","3.8241755962371826","17015","17008","17022"
"944","3.635600652013506","3.630661964416504","3.639200210571289","17858.5","17022","18695","3.7057220254625594","3.7030060291290283","3.7078466415405273","17028","17022","17034","3.7267720018114363","3.7224297523498535","3.731536865234375","17871","17865","17877","3.817249740873064","3.812065362930298","3.8225526809692383","17030","17024","17036"
"945","3.6381639689207077","3.633984088897705","3.648855209350586","17873.5","17036","18711","3.7075662314891815","3.7035071849823","3.7143406867980957","17043","17036","17050","3.727700799703598","3.7239911556243896","3.7339186668395996","17886","17879","17893","3.81777223944664","3.8134703636169434","3.824580192565918","17045","17038","17052"
"946","3.6392805725336075","3.6249337196350098","3.646456241607666","17889.5","17052","18727","3.7077280580997467","3.703782558441162","3.712083101272583","17059","17052","17066","3.726338893175125","3.721742868423462","3.7297496795654297","17902","17895","17909","3.816748172044754","3.80692195892334","3.8258588314056396","17061","17054","17068"
"947","3.6371239125728607","3.630329132080078","3.642026424407959","17905.5","17068","18743","3.704950988292694","3.6999082565307617","3.7081117630004883","17075","17068","17082","3.7249066829681396","3.7201266288757324","3.729017972946167","17918","17911","17925","3.8166889250278473","3.8113245964050293","3.8202576637268066","17077","17070","17084"
"948","3.636522203683853","3.628596305847168","3.6425023078918457","17921.5","17084","18759","3.7058993577957153","3.7006356716156006","3.7104337215423584","17091","17084","17098","3.7271689772605896","3.720210075378418","3.732198476791382","17934","17927","17941","3.8170493245124817","3.811825752258301","3.8254404067993164","17093","17086","17100"
"949","3.638236090540886","3.6326632499694824","3.645495653152466","17937.5","17100","18775","3.707301527261734","3.698796033859253","3.7145004272460938","17107","17100","17114","3.726953536272049","3.7160301208496094","3.7334370613098145","17950","17943","17957","3.815159857273102","3.8052608966827393","3.8197972774505615","17109","17102","17116"
"950","3.6363558769226074","3.627295732498169","3.645453929901123","18013.5","17177","18850","3.7065997464316234","3.7009332180023193","3.7127976417541504","17183","17177","17189","3.728490114212036","3.7237324714660645","3.733531951904297","18026","18020","18032","3.818448441369193","3.813438892364502","3.8248376846313477","17185","17179","17191"
"951","3.6365336179733276","3.62890625","3.6428065299987793","18028.5","17191","18866","3.7074250280857086","3.703822374343872","3.7103941440582275","17198","17191","17205","3.728472590446472","3.724224805831909","3.731623649597168","18041","18034","18048","3.8191729187965393","3.8155574798583984","3.8247814178466797","17200","17193","17207"
"952","3.636979252099991","3.629894733428955","3.6462950706481934","18044.5","17207","18882","3.7050308883190155","3.701519012451172","3.7100279331207275","17214","17207","17221","3.7261144518852234","3.721071720123291","3.7318458557128906","18057","18050","18064","3.816192239522934","3.8110616207122803","3.820164203643799","17216","17209","17223"
"953","3.6361937522888184","3.6271941661834717","3.6403775215148926","18060.5","17223","18898","3.705166518688202","3.6998181343078613","3.710008382797241","17230","17223","17237","3.725270092487335","3.7185006141662598","3.732992649078369","18073","18066","18080","3.814903110265732","3.8081512451171875","3.8199410438537598","17232","17225","17239"
"954","3.6348684430122375","3.62644624710083","3.6444592475891113","18076.5","17239","18914","3.706595927476883","3.698531150817871","3.7115821838378906","17246","17239","17253","3.7267558574676514","3.719665288925171","3.7293639183044434","18089","18082","18096","3.8186390697956085","3.8121085166931152","3.822484016418457","17248","17241","17255"
"955","3.63628089427948","3.625617265701294","3.650935173034668","18091.5","17255","18928","3.707359654562814","3.7030792236328125","3.71502685546875","17261","17255","17267","3.7283189637320384","3.7227590084075928","3.7351784706115723","18104","18098","18110","3.817344972065517","3.813676357269287","3.8250460624694824","17263","17257","17269"
"956","3.6338075548410416","3.6202096939086914","3.646738052368164","18106.5","17269","18944","3.706258714199066","3.6979594230651855","3.710930347442627","17276","17269","17283","3.72738716006279","3.718381404876709","3.7316293716430664","18119","18112","18126","3.8179717659950256","3.805821418762207","3.8261828422546387","17278","17271","17285"
"957","3.636495217680931","3.623152732849121","3.64336895942688","18122.5","17285","18960","3.7070056200027466","3.702998638153076","3.7147655487060547","17292","17285","17299","3.7269515991210938","3.7206716537475586","3.7336621284484863","18135","18128","18142","3.816732108592987","3.810837984085083","3.8224284648895264","17294","17287","17301"
"958","3.6349266916513443","3.6273856163024902","3.641005277633667","18138.5","17301","18976","3.706809401512146","3.698160409927368","3.711465358734131","17308","17301","17315","3.7277304232120514","3.7209420204162598","3.7306320667266846","18151","18144","18158","3.817466676235199","3.809269428253174","3.821953296661377","17310","17303","17317"
"959","3.632100000977516","3.6243560314178467","3.638197183609009","18154.5","17317","18992","3.704182744026184","3.699188232421875","3.7087178230285645","17324","17317","17331","3.725785255432129","3.7219738960266113","3.7307121753692627","18167","18160","18174","3.816435694694519","3.8112268447875977","3.821493148803711","17326","17319","17333"
"960","3.6317391842603683","3.623933792114258","3.640686511993408","18170.5","17333","19008","3.7052907049655914","3.6999006271362305","3.708402156829834","17340","17333","17347","3.725617080926895","3.721127986907959","3.7300736904144287","18183","18176","18190","3.81531298160553","3.8108644485473633","3.818652391433716","17342","17335","17349"
"961","3.6348165443965366","3.6280016899108887","3.643740177154541","18185.5","17349","19022","3.7054244790758406","3.7017390727996826","3.711738109588623","17355","17349","17361","3.7259905338287354","3.7215347290039062","3.7320942878723145","18198","18192","18204","3.8161305700029646","3.8093080520629883","3.822528839111328","17357","17351","17363"
"962","3.630502313375473","3.6232571601867676","3.640965461730957","18200.5","17363","19038","3.705820530653","3.701444387435913","3.7114124298095703","17370","17363","17377","3.727157562971115","3.7239434719085693","3.7326722145080566","18213","18206","18220","3.8178957998752594","3.812673330307007","3.824296236038208","17372","17365","17379"
"963","3.63129660487175","3.6194183826446533","3.641666889190674","18216.5","17379","19054","3.704620271921158","3.6961307525634766","3.715834140777588","17386","17379","17393","3.7261997163295746","3.7198140621185303","3.7363476753234863","18229","18222","18236","3.815333992242813","3.807600736618042","3.823275327682495","17388","17381","17395"
"964","3.631751462817192","3.617851734161377","3.6458005905151367","18232.5","17395","19070","3.7051042318344116","3.6992268562316895","3.7082340717315674","17402","17395","17409","3.726383537054062","3.721437931060791","3.730846405029297","18245","18238","18252","3.8174237310886383","3.811601161956787","3.823307991027832","17404","17397","17411"
"965","3.6298413425683975","3.6211743354797363","3.6374645233154297","18248.5","17411","19086","3.702801764011383","3.696385622024536","3.706299304962158","17418","17411","17425","3.72468364238739","3.7193427085876465","3.73050856590271","18261","18254","18268","3.814634770154953","3.8107481002807617","3.8193531036376953","17420","17413","17427"
"966","3.632175547736032","3.6223337650299072","3.640994071960449","18263.5","17427","19100","3.708162886755807","3.704502582550049","3.7138004302978516","17433","17427","17439","3.729538985661098","3.726531982421875","3.734877586364746","18276","18270","18282","3.819988250732422","3.8168630599975586","3.8231043815612793","17435","17429","17441"
"967","3.6329695880413055","3.624218463897705","3.639620780944824","18278.5","17441","19116","3.7050229609012604","3.7019059658050537","3.709339141845703","17448","17441","17455","3.7260043621063232","3.72285532951355","3.731990337371826","18291","18284","18298","3.816680997610092","3.8129236698150635","3.821197509765625","17450","17443","17457"
"968","3.629938006401062","3.620708465576172","3.638023853302002","18294.5","17457","19132","3.703980892896652","3.6985771656036377","3.7093067169189453","17464","17457","17471","3.7250104546546936","3.719305992126465","3.728816032409668","18307","18300","18314","3.8138407468795776","3.810110569000244","3.8198952674865723","17466","17459","17473"
"969","3.6295579820871353","3.6152901649475098","3.6395719051361084","18310.5","17473","19148","3.7048184871673584","3.7005975246429443","3.707932949066162","17480","17473","17487","3.726125091314316","3.7229666709899902","3.731766700744629","18323","18316","18330","3.817145347595215","3.8144657611846924","3.8197085857391357","17482","17475","17489"
"970","3.628315433859825","3.616248369216919","3.6347060203552246","18326.5","17489","19164","3.7022442519664764","3.6950578689575195","3.7071473598480225","17496","17489","17503","3.723445028066635","3.718918800354004","3.728760242462158","18339","18332","18346","3.813403606414795","3.8064918518066406","3.8180127143859863","17498","17491","17505"
"971","3.627508521080017","3.62187123298645","3.634530544281006","18342.5","17505","19180","3.7054495811462402","3.7004992961883545","3.7088823318481445","17512","17505","17519","3.7283642888069153","3.721867561340332","3.7328953742980957","18355","18348","18362","3.818493366241455","3.8121209144592285","3.82425594329834","17514","17507","17521"
"972","3.6295569964817593","3.620368003845215","3.6362743377685547","18357.5","17521","19194","3.7049168859209334","3.69968318939209","3.7069945335388184","17527","17521","17533","3.7252292973654613","3.7206666469573975","3.7293224334716797","18370","18364","18376","3.8153291770390103","3.809784412384033","3.8192660808563232","17529","17523","17535"
"973","3.6283014714717865","3.620938777923584","3.6351537704467773","18372.5","17535","19210","3.707083433866501","3.7018165588378906","3.7118735313415527","17542","17535","17549","3.729458302259445","3.722543716430664","3.73305344581604","18385","18378","18392","3.8192163705825806","3.812450885772705","3.8246846199035645","17544","17537","17551"
"974","3.628425657749176","3.6189932823181152","3.637153148651123","18388.5","17551","19226","3.7037438452243805","3.698472499847412","3.706922769546509","17558","17551","17565","3.724984735250473","3.7198920249938965","3.730454921722412","18401","18394","18408","3.81465220451355","3.808398962020874","3.820157289505005","17560","17553","17567"
"975","3.627007469534874","3.6178345680236816","3.6355795860290527","18465.5","17628","19303","3.7021642923355103","3.699577569961548","3.705040454864502","17635","17628","17642","3.7238613665103912","3.7207043170928955","3.726681709289551","18478","18471","18485","3.8127972781658173","3.805394172668457","3.818443536758423","17637","17630","17644"
"976","3.6291487365961075","3.6151280403137207","3.6431267261505127","18481.5","17644","19319","3.706764727830887","3.7007179260253906","3.7115638256073","17651","17644","17658","3.727937489748001","3.7242021560668945","3.7354483604431152","18494","18487","18501","3.8174920082092285","3.8118388652801514","3.8268556594848633","17653","17646","17660"
"977","3.627301948411124","3.618987560272217","3.63273286819458","18496.5","17660","19333","3.706000259944371","3.7016758918762207","3.709979295730591","17666","17660","17672","3.728602341243199","3.724527597427368","3.7321696281433105","18509","18503","18515","3.817177023206438","3.810533046722412","3.8243470191955566","17668","17662","17674"
"978","3.629356861114502","3.6220788955688477","3.6374402046203613","18511.5","17674","19349","3.7049558460712433","3.701533794403076","3.709099531173706","17681","17674","17688","3.725826174020767","3.720040798187256","3.73179292678833","18524","18517","18531","3.815147876739502","3.809427261352539","3.822744131088257","17683","17676","17690"
"979","3.6265575289726257","3.6199710369110107","3.6340317726135254","18527.5","17690","19365","3.701659709215164","3.6965155601501465","3.706014633178711","17697","17690","17704","3.7227950990200043","3.7184088230133057","3.726792812347412","18540","18533","18547","3.8128784000873566","3.8096389770507812","3.8174376487731934","17699","17692","17706"
"980","3.628048300743103","3.6168928146362305","3.6370058059692383","18543.5","17706","19381","3.7015528678894043","3.6960813999176025","3.707606792449951","17713","17706","17720","3.7229111194610596","3.7147693634033203","3.726658344268799","18556","18549","18563","3.811562269926071","3.803731918334961","3.8168540000915527","17715","17708","17722"
"981","3.6271819472312927","3.6171841621398926","3.6384410858154297","18559.5","17722","19397","3.7033198177814484","3.6982176303863525","3.7086870670318604","17729","17722","17736","3.724960595369339","3.717764139175415","3.733044147491455","18572","18565","18579","3.8151445984840393","3.808103561401367","3.822402238845825","17731","17724","17738"
"982","3.6270988434553146","3.6173839569091797","3.634920358657837","18575.5","17738","19413","3.7051092982292175","3.701080799102783","3.70949649810791","17745","17738","17752","3.7269199788570404","3.722169876098633","3.7311813831329346","18588","18581","18595","3.8180241882801056","3.810743808746338","3.8244991302490234","17747","17740","17754"
"983","3.623506154332842","3.61080002784729","3.633927345275879","18590.5","17754","19427","3.704989331109183","3.7025437355041504","3.709587574005127","17760","17754","17766","3.7264409405844554","3.7235114574432373","3.729034423828125","18603","18597","18609","3.8153144972664967","3.80989408493042","3.8182485103607178","17762","17756","17768"
"984","3.625349774956703","3.6178669929504395","3.6375467777252197","18605.5","17768","19443","3.7050057649612427","3.6992928981781006","3.708477020263672","17775","17768","17782","3.7271493673324585","3.72373366355896","3.7314138412475586","18618","18611","18625","3.817263573408127","3.8117001056671143","3.8215670585632324","17777","17770","17784"
"985","3.626300126314163","3.618953227996826","3.632254123687744","18621.5","17784","19459","3.7056360244750977","3.7037789821624756","3.7077322006225586","17791","17784","17798","3.727841943502426","3.724576473236084","3.731384038925171","18634","18627","18641","3.8167603611946106","3.8134899139404297","3.820389747619629","17793","17786","17800"
"986","3.6268178075551987","3.616023302078247","3.632087230682373","18637.5","17800","19475","3.7037658095359802","3.69927978515625","3.7093453407287598","17807","17800","17814","3.7259317338466644","3.720146894454956","3.730302095413208","18650","18643","18657","3.8148669004440308","3.8066697120666504","3.8189783096313477","17809","17802","17816"
"987","3.6230880320072174","3.610804319381714","3.6383302211761475","18653.5","17816","19491","3.70393306016922","3.699435234069824","3.7104239463806152","17823","17816","17830","3.72622612118721","3.7219393253326416","3.730910301208496","18666","18659","18673","3.816480576992035","3.811783790588379","3.8198013305664062","17825","17818","17832"
"988","3.6269161701202393","3.6206705570220947","3.6344985961914062","18668.5","17832","19505","3.7032618863242015","3.697924852371216","3.7066187858581543","17838","17832","17844","3.725017411368234","3.7197864055633545","3.728921890258789","18681","18675","18687","3.814035313470023","3.8108391761779785","3.81919002532959","17840","17834","17846"
"989","3.627787709236145","3.6100881099700928","3.635218620300293","18683.5","17846","19521","3.7048125863075256","3.6992430686950684","3.7083187103271484","17853","17846","17860","3.7261262238025665","3.7211272716522217","3.7311646938323975","18696","18689","18703","3.8144131302833557","3.8088817596435547","3.819154739379883","17855","17848","17862"
"990","3.624127760529518","3.6148388385772705","3.6348328590393066","18699.5","17862","19537","3.7035852670669556","3.6985926628112793","3.7105560302734375","17869","17862","17876","3.726494461297989","3.7220823764801025","3.734731674194336","18712","18705","18719","3.8154062628746033","3.8081676959991455","3.826457977294922","17871","17864","17878"
"991","3.621360555291176","3.612018585205078","3.62760066986084","18715.5","17878","19553","3.7034094631671906","3.698920249938965","3.7110204696655273","17885","17878","17892","3.726344048976898","3.7196927070617676","3.7368783950805664","18728","18721","18735","3.8157807886600494","3.80966854095459","3.829005718231201","17887","17880","17894"
"992","3.6249759197235107","3.6144027709960938","3.631080150604248","18731.5","17894","19569","3.704633504152298","3.69980525970459","3.7105631828308105","17901","17894","17908","3.7273406386375427","3.723029851913452","3.7337207794189453","18744","18737","18751","3.8158629536628723","3.8117284774780273","3.820556879043579","17903","17896","17910"
"993","3.623707413673401","3.613945484161377","3.6319026947021484","18747.5","17910","19585","3.7017505764961243","3.697728157043457","3.7084200382232666","17917","17910","17924","3.724718391895294","3.7203519344329834","3.731724262237549","18760","18753","18767","3.81320258975029","3.806696891784668","3.8161981105804443","17919","17912","17926"
"994","3.6230158372358843","3.616175889968872","3.6358511447906494","18987.909090909092","17926","19599","3.704121010644095","3.7000293731689453","3.708204746246338","17932","17926","17938","3.7271314689091275","3.721381664276123","3.7335152626037598","18775","18769","18781","3.816583054406302","3.8110692501068115","3.82420015335083","17934","17928","17940"
"995","3.619175374507904","3.6100263595581055","3.6248459815979004","19608","19601","19615","3.70216503739357","3.6964094638824463","3.706559896469116","17947","17940","17954","3.7258456349372864","3.720580577850342","3.7296457290649414","18790","18783","18797","3.8166452050209045","3.8108837604522705","3.82241153717041","17949","17942","17956"
"996","3.620916187763214","3.6122002601623535","3.629404306411743","19624","19617","19631","3.701968401670456","3.694519519805908","3.708531379699707","17963","17956","17970","3.7254283726215363","3.718332529067993","3.7321372032165527","18806","18799","18813","3.8147960007190704","3.8087477684020996","3.8220221996307373","17965","17958","17972"
"997","3.6185612082481384","3.6000871658325195","3.6261794567108154","19640","19633","19647","3.7023073732852936","3.6993136405944824","3.705166816711426","17979","17972","17986","3.726226806640625","3.723940372467041","3.730013847351074","18822","18815","18829","3.814671039581299","3.810131788253784","3.8191001415252686","17981","17974","17988"
"998","3.622928112745285","3.6163434982299805","3.632582426071167","19656","19649","19663","3.703047066926956","3.6969003677368164","3.708552837371826","17995","17988","18002","3.7261999547481537","3.721261978149414","3.7316064834594727","18838","18831","18845","3.8148579001426697","3.81162428855896","3.818290948867798","17997","17990","18004"
"999","3.6181546449661255","3.6132853031158447","3.626368999481201","19672","19665","19679","3.7009958028793335","3.6945862770080566","3.706122636795044","18011","18004","18018","3.7245771884918213","3.720590114593506","3.730745792388916","18854","18847","18861","3.8149439096450806","3.810284376144409","3.8198699951171875","18013","18006","18020"